address,city,price(USD),bds,ba,sqft,state,url
3820 S 101st Dr,TOLLESON,249900,3,2,2213,AZ,https://www.zillow.com/homedetails/3820-S-101st-Dr-Tolleson-AZ-85353/71491541_zpid/
2512 W Laredo Ln,PHOENIX,385000,5,4,3253,AZ,https://www.zillow.com/homedetails/2512-W-Laredo-Ln-Phoenix-AZ-85085/81971948_zpid/
2827 E Janice Way,Phoenix,190000,2,2,1020,AZ,https://www.zillow.com/homedetails/2827-E-Janice-Way-Phoenix-AZ-85032/8011623_zpid/
15945 W Marconi Ave,Surprise,270000,3,2,2174,AZ,https://www.zillow.com/homedetails/15945-W-Marconi-Ave-Surprise-AZ-85374/8306675_zpid/
7756 N 19th Ln,Phoenix,189000,2,3,1580,AZ,https://www.zillow.com/homedetails/7756-N-19th-Ln-Phoenix-AZ-85021/7778586_zpid/
21989 W Hadley St,Buckeye,282910,5,3,2594,AZ,https://www.zillow.com/homedetails/21989-W-Hadley-St-Buckeye-AZ-85326/71492515_zpid/
27586 N 99th Dr,Peoria,535000,4,4,3175,AZ,https://www.zillow.com/homedetails/27586-N-99th-Dr-Peoria-AZ-85383/125135162_zpid/
4711 E Frye Rd,PHOENIX,339900,4,3,2065,AZ,https://www.zillow.com/homedetails/4711-E-Frye-Rd-Phoenix-AZ-85048/8259804_zpid/
27663 N 108th Way,SCOTTSDALE,550000,3,2,2431,AZ,https://www.zillow.com/homedetails/27663-N-108th-Way-Scottsdale-AZ-85262/8038748_zpid/
7136 S 48th Gln,Laveen,204000,3,3,1637,AZ,https://www.zillow.com/homedetails/7136-S-48th-Gln-Laveen-AZ-85339/88061776_zpid/
4948 W Marcus Dr,Phoenix,505000,5,5,3937,AZ,https://www.zillow.com/homedetails/4948-W-Marcus-Dr-Phoenix-AZ-85083/71606743_zpid/
4824 N 196th Ln,Litchfield Park,476500,4,3,2832,AZ,https://www.zillow.com/homedetails/4824-N-196th-Ln-Litchfield-Park-AZ-85340/89027154_zpid/
1514 S 82nd Dr,Phoenix,208500,3,2,1565,AZ,https://www.zillow.com/homedetails/1514-S-82nd-Dr-Phoenix-AZ-85043/60047235_zpid/
215 W Angus Rd,San Tan Valley,214900,4,2,1635,AZ,https://www.zillow.com/homedetails/215-W-Angus-Rd-San-Tan-Valley-AZ-85143/63235723_zpid/
12735 W Nadine Way,Peoria,339900,5,3,2615,AZ,https://www.zillow.com/homedetails/12735-W-Nadine-Way-Peoria-AZ-85383/67784116_zpid/
2750 E Cactus Rd,PHOENIX,245900,4,2,1469,AZ,https://www.zillow.com/homedetails/2750-E-Cactus-Rd-Phoenix-AZ-85032/7820222_zpid/
16540 E El Lago Blvd UNIT 16,Fountain Hills,382900,2,2,1652,AZ,https://www.zillow.com/homedetails/16540-E-El-Lago-Blvd-UNIT-16-Fountain-Hills-AZ-85268/55261620_zpid/
1037 W Spur Ct,Gilbert,534900,4,3,3830,AZ,https://www.zillow.com/homedetails/1037-W-Spur-Ct-Gilbert-AZ-85233/55279787_zpid/
8560 E Roosevelt St,Scottsdale,157900,2,2,950,AZ,https://www.zillow.com/homedetails/8560-E-Roosevelt-St-Scottsdale-AZ-85257/7577659_zpid/
15246 W Cortez St,Surprise,320000,4,3,3069,AZ,https://www.zillow.com/homedetails/15246-W-Cortez-St-Surprise-AZ-85379/60965080_zpid/
1062 E Baylor Ln,Gilbert,330000,3,2,1868,AZ,https://www.zillow.com/homedetails/1062-E-Baylor-Ln-Gilbert-AZ-85296/8241367_zpid/
6012 S 16th Dr,Phoenix,239900,3,3,1979,AZ,https://www.zillow.com/homedetails/6012-S-16th-Dr-Phoenix-AZ-85041/59899258_zpid/
1258 W Laguna Azul Ave,Mesa,358900,4,3,2651,AZ,https://www.zillow.com/homedetails/1258-W-Laguna-Azul-Ave-Mesa-AZ-85202/8252532_zpid/
7919 W Rose Ln,Glendale,252150,4,2,2075,AZ,https://www.zillow.com/homedetails/7919-W-Rose-Ln-Glendale-AZ-85303/7462996_zpid/
25023 N 50th Ave,Phoenix,449900,5,3,3309,AZ,https://www.zillow.com/homedetails/25023-N-50th-Ave-Phoenix-AZ-85083/7929407_zpid/
16654 S 37th St,Phoenix,390500,4,2,2192,AZ,https://www.zillow.com/homedetails/16654-S-37th-St-Phoenix-AZ-85048/8255766_zpid/
11758 N 113th Way,Scottsdale,359900,3,2,1566,AZ,https://www.zillow.com/homedetails/11758-N-113th-Way-Scottsdale-AZ-85259/8050825_zpid/
10704 E Pivitol Ave,Mesa,354900,3,3,2284,AZ,https://www.zillow.com/homedetails/10704-E-Pivitol-Ave-Mesa-AZ-85212/121423131_zpid/
10348 W Yuma St,Tolleson,232000,4,2,1625,AZ,https://www.zillow.com/homedetails/10348-W-Yuma-St-Tolleson-AZ-85353/157722631_zpid/
108 S Morning Ridge Dr,Gilbert,329000,4,3,2360,AZ,https://www.zillow.com/homedetails/108-S-Morning-Ridge-Dr-Gilbert-AZ-85296/8239621_zpid/
2992 N Miller Rd UNIT 206A,SCOTTSDALE,250000,2,2,1088,AZ,https://www.zillow.com/homedetails/2992-N-Miller-Rd-UNIT-206A-Scottsdale-AZ-85251/7574021_zpid/
12801 N 140th Dr,SURPRISE,265000,4,2,2065,AZ,https://www.zillow.com/homedetails/12801-N-140th-Dr-Surprise-AZ-85379/67795352_zpid/
5916 W Dublin Ct,CHANDLER,355900,4,2,2085,AZ,https://www.zillow.com/homedetails/5916-W-Dublin-Ct-Chandler-AZ-85226/8261923_zpid/
6671 S Crestview Dr,Gilbert,484500,4,3,3108,AZ,https://www.zillow.com/homedetails/6671-S-Crestview-Dr-Gilbert-AZ-85298/59261831_zpid/
20173 E Estrella Rd,Queen Creek,503900,6,6,4402,AZ,https://www.zillow.com/homedetails/20173-E-Estrella-Rd-Queen-Creek-AZ-85142/121855765_zpid/
16132 N 99th Pl,SCOTTSDALE,498900,3,2,2311,AZ,https://www.zillow.com/homedetails/16132-N-99th-Pl-Scottsdale-AZ-85260/59267495_zpid/
240 W Missouri Ave UNIT 12,Phoenix,574000,3,3,1974,AZ,https://www.zillow.com/homedetails/240-W-Missouri-Ave-UNIT-12-Phoenix-AZ-85013/157723272_zpid/
15809 E Cholla Dr,FOUNTAIN HILLS,450000,4,3,2415,AZ,https://www.zillow.com/homedetails/15809-E-Cholla-Dr-Fountain-Hills-AZ-85268/7875152_zpid/
13746 W Lisbon Ln,Surprise,300000,4,3,3077,AZ,https://www.zillow.com/homedetails/13746-W-Lisbon-Ln-Surprise-AZ-85379/62737883_zpid/
1142 N Saint Elena St,Gilbert,364900,4,3,2513,AZ,https://www.zillow.com/homedetails/1142-N-Saint-Elena-St-Gilbert-AZ-85234/8248070_zpid/
8046 W Laurel Ln,PEORIA,219500,3,2,1262,AZ,https://www.zillow.com/homedetails/8046-W-Laurel-Ln-Peoria-AZ-85345/7680756_zpid/
14856 W Laurel Ln,Surprise,274000,4,3,2618,AZ,https://www.zillow.com/homedetails/14856-W-Laurel-Ln-Surprise-AZ-85379/60999913_zpid/
21796 S 220th Pl,Queen Creek,370000,3,3,2302,AZ,https://www.zillow.com/homedetails/21796-S-220th-Pl-Queen-Creek-AZ-85142/95074787_zpid/
5483 S Cardinal St,GILBERT,531000,5,4,4065,AZ,https://www.zillow.com/homedetails/5483-S-Cardinal-St-Gilbert-AZ-85298/89026755_zpid/
