address,city,price(USD),bds,ba,sqft,state,url
2756 Turtle Bluff Dr,Bloomfield Hills,10550000,6,10,10108,MI,https://www.zillow.com/homedetails/2756-Turtle-Bluff-Dr-Bloomfield-Hills-MI-48302/125758232_zpid/
19409 Maybury Meadow Ct,Northville Twp,29900900,7,12,15000,MI,https://www.zillow.com/homedetails/19409-Maybury-Meadow-Ct-Northville-Twp-MI-48167/2088188285_zpid/
17156 Prairie St,DETROIT,36400,5,2,2100,MI,https://www.zillow.com/homedetails/17156-Prairie-St-Detroit-MI-48221/88415544_zpid/
11500 Furbush Rd,Holly,279900,3,2,1577,MI,https://www.zillow.com/homedetails/11500-Furbush-Rd-Holly-MI-48442/24323172_zpid/
1297 Colfax Ave,BENTON HARBOR,65000,4,3,3240,MI,https://www.zillow.com/homedetails/1297-Colfax-Ave-Benton-Harbor-MI-49022/120500884_zpid/
338 N Lakeshore Dr,Holland,6950000,6,8,17105,MI,https://www.zillow.com/homedetails/338-N-Lakeshore-Dr-Holland-MI-49424/149794395_zpid/
1766 Sanford Pl,ANN ARBOR,345000,3,2,1218,MI,https://www.zillow.com/homedetails/1766-Sanford-Pl-Ann-Arbor-MI-48103/24705315_zpid/
464 Rochdale Dr S,Rochester Hills,329900,4,4,2210,MI,https://www.zillow.com/homedetails/464-Rochdale-Dr-S-Rochester-Hills-MI-48309/24430408_zpid/
18582 Whitby St,LIVONIA,230000,3,2,1707,MI,https://www.zillow.com/homedetails/18582-Whitby-St-Livonia-MI-48152/88499900_zpid/
3014 Sylvan Dr,ROYAL OAK,249900,3,2,1142,MI,https://www.zillow.com/homedetails/3014-Sylvan-Dr-Royal-Oak-MI-48073/24623236_zpid/
17644 Sprenger Ave,Eastpointe,100000,3,2,1605,MI,https://www.zillow.com/homedetails/17644-Sprenger-Ave-Eastpointe-MI-48021/83578022_zpid/
2508 N Vermont Ave,ROYAL OAK,279900,3,2,1331,MI,https://www.zillow.com/homedetails/2508-N-Vermont-Ave-Royal-Oak-MI-48073/24626297_zpid/
9925 Bishop St,Detroit,5000,3,1,1206,MI,https://www.zillow.com/homedetails/9925-Bishop-St-Detroit-MI-48224/88423685_zpid/
9137 Sussex St,Detroit,29900,5,1.5,1500,MI,https://www.zillow.com/homedetails/9137-Sussex-St-Detroit-MI-48228/88668306_zpid/
4121 Sunvalley Dr,KALAMAZOO,149500,4,4,2008,MI,https://www.zillow.com/homedetails/4121-Sunvalley-Dr-Kalamazoo-MI-49008/74153686_zpid/
1138 Rathbone St SW,WYOMING,119900,3,2,1288,MI,https://www.zillow.com/homedetails/1138-Rathbone-St-SW-Wyoming-MI-49509/23830193_zpid/
13200 La Salle Blvd,Detroit,25000,30,30,15579,MI,https://www.zillow.com/homedetails/13200-La-Salle-Blvd-Detroit-MI-48238/2088193344_zpid/
824 Lexington Blvd,Royal Oak,489000,3,3,2378,MI,https://www.zillow.com/homedetails/824-Lexington-Blvd-Royal-Oak-MI-48073/24615384_zpid/
1301 Wilkinson Dr,JACKSON,199900,4,3,3310,MI,https://www.zillow.com/homedetails/1301-Wilkinson-Dr-Jackson-MI-49203/74065578_zpid/
9446 Port Sheldon St,ZEELAND,184900,3,2,1500,MI,https://www.zillow.com/homedetails/9446-Port-Sheldon-St-Zeeland-MI-49464/74181717_zpid/
221 Plymouth Ave NE,GRAND RAPIDS,189900,3,1,2250,MI,https://www.zillow.com/homedetails/221-Plymouth-Ave-NE-Grand-Rapids-MI-49503/23809723_zpid/
7166 Winona Ave,ALLEN PARK,165000,3,3,1200,MI,https://www.zillow.com/homedetails/7166-Winona-Ave-Allen-Park-MI-48101/88532879_zpid/
9777 Hessler Xing,Rockford,265000,5,4,2490,MI,https://www.zillow.com/homedetails/9777-Hessler-Xing-Rockford-MI-49341/69452895_zpid/
37912 Bradley Ct,Farmington Hills,249900,3,4,2641,MI,https://www.zillow.com/homedetails/37912-Bradley-Ct-Farmington-Hills-MI-48335/24578653_zpid/
1829 Byrd Dr,PORTAGE,120000,3,2,1626,MI,https://www.zillow.com/homedetails/1829-Byrd-Dr-Portage-MI-49002/74119122_zpid/
2428 Central Ave SW,WYOMING,109900,3,1,1672,MI,https://www.zillow.com/homedetails/2428-Central-Ave-SW-Wyoming-MI-49519/23833052_zpid/
237 W Tacoma St,CLAWSON,185000,3,2,1362,MI,https://www.zillow.com/homedetails/237-W-Tacoma-St-Clawson-MI-48017/24614631_zpid/
284 Silman St,Ferndale,249900,3,2,1478,MI,https://www.zillow.com/homedetails/284-Silman-St-Ferndale-MI-48220/24675020_zpid/
4145 Balfour Rd,DETROIT,99900,4,2,2200,MI,https://www.zillow.com/homedetails/4145-Balfour-Rd-Detroit-MI-48224/88211260_zpid/
7420 Inner Circle Dr,Bloomfield Township,7495000,6,8,10578,MI,https://www.zillow.com/homedetails/7420-Inner-Circle-Dr-Bloomfield-Township-MI-48301/2106914356_zpid/
135 Lawrence St NE,Grand Rapids,199900,4,2,1535,MI,https://www.zillow.com/homedetails/135-Lawrence-St-NE-Grand-Rapids-MI-49505/23794663_zpid/
1774 Golf Ridge Dr S,BLOOMFIELD HILLS,749900,6,6,4142,MI,https://www.zillow.com/homedetails/1774-Golf-Ridge-Dr-S-Bloomfield-Hills-MI-48302/24494156_zpid/
Undisclosed Undisclosed,Bloomfield Twp,10000000,6,15,12500,MI,https://www.zillow.com/homedetails/Undisclosed-Undisclosed-Bloomfield-Twp-MI-48302/2087122508_zpid/
263 Bel Air Dr NE,GRAND RAPIDS,219900,3,3,1634,MI,https://www.zillow.com/homedetails/263-Bel-Air-Dr-NE-Grand-Rapids-MI-49503/23810144_zpid/
320 Alewa Dr NW,Grand Rapids,200000,2,3,1482,MI,https://www.zillow.com/homedetails/320-Alewa-Dr-NW-Grand-Rapids-MI-49504/23788763_zpid/
4380 Meadow Brook Ln,GREENVILLE,167300,3,2,2010,MI,https://www.zillow.com/homedetails/4380-Meadow-Brook-Ln-Greenville-MI-48838/74782211_zpid/
373 W Hazelhurst St,FERNDALE,150000,3,2,1267,MI,https://www.zillow.com/homedetails/373-W-Hazelhurst-St-Ferndale-MI-48220/24673544_zpid/
231 E Saratoga St,Ferndale,219900,3,2,1018,MI,https://www.zillow.com/homedetails/231-E-Saratoga-St-Ferndale-MI-48220/24673610_zpid/
2727 Darby Ave SE,Grand rapids,8950000,5,9,10749,MI,https://www.zillow.com/homedetails/2727-Darby-Ave-SE-Grand-Rapids-MI-49506/116161681_zpid/
6342 Elmwood Dr,Waterford,189000,3,2,1244,MI,https://www.zillow.com/homedetails/6342-Elmwood-Dr-Waterford-MI-48329/24381275_zpid/
357 Old Trail Dr,Houghton Lake,196000,3,2,1056,MI,https://www.zillow.com/homedetails/357-Old-Trail-Dr-Houghton-Lake-MI-48629/233468848_zpid/
2590 Pinto Dr,Commerce Township,215000,3,2,1547,MI,https://www.zillow.com/homedetails/2590-Pinto-Dr-Commerce-Township-MI-48382/24450449_zpid/
2310 Mapledale St,FERNDALE,174900,4,1,1176,MI,https://www.zillow.com/homedetails/2310-Mapledale-St-Ferndale-MI-48220/24657782_zpid/
526 S Marias Ave,CLAWSON,145000,2,1,948,MI,https://www.zillow.com/homedetails/526-S-Marias-Ave-Clawson-MI-48017/24614391_zpid/
1800 Eager Rd,Howell,185000,5,3,3992,MI,https://www.zillow.com/homedetails/1800-Eager-Rd-Howell-MI-48855/23911113_zpid/
4636 Westnedge Ave NW,COMSTOCK PARK,195000,3,2,1832,MI,https://www.zillow.com/homedetails/4636-Westnedge-Ave-NW-Comstock-Park-MI-49321/23754618_zpid/
20100 Levee Ct,Clinton Township,154000,3,2,1479,MI,https://www.zillow.com/homedetails/20100-Levee-Ct-Clinton-Township-MI-48038/170332261_zpid/
458 Waterbury Ct,BELLEVILLE,219900,4,3,1396,MI,https://www.zillow.com/homedetails/458-Waterbury-Ct-Belleville-MI-48111/88600066_zpid/
2561 E Rhead Cir,Westland,183900,3,3,1318,MI,https://www.zillow.com/homedetails/2561-E-Rhead-Cir-Westland-MI-48186/88601097_zpid/
2567 Alden Ct,West Bloomfield,379969,4,5,2978,MI,https://www.zillow.com/homedetails/2567-Alden-Ct-West-Bloomfield-MI-48324/24465682_zpid/
92 Garrison Ave,BATTLE CREEK,289900,7,5,6686,MI,https://www.zillow.com/homedetails/92-Garrison-Ave-Battle-Creek-MI-49017/74673851_zpid/
50169 Spicer Ct N,Shelby Township,99900,3,2,1456,MI,https://www.zillow.com/homedetails/50169-Spicer-Ct-N-Shelby-Township-MI-48315/242060204_zpid/
45428 Deshon St,Utica,229000,3,3,1900,MI,https://www.zillow.com/homedetails/45428-Deshon-St-Utica-MI-48317/83605615_zpid/
5589 Harlowe Dr,Shelby Township,180000,3,1.5,1250,MI,https://www.zillow.com/homedetails/5589-Harlowe-Dr-Shelby-Township-MI-48316/83702030_zpid/
706 Thomas Ct,ANN ARBOR,300000,3,2,1552,MI,https://www.zillow.com/homedetails/706-Thomas-Ct-Ann-Arbor-MI-48103/24696209_zpid/
9737 Allen Dr,ZEELAND,259900,5,2,2160,MI,https://www.zillow.com/homedetails/9737-Allen-Dr-Zeeland-MI-49464/123424424_zpid/
1755 Jennette Ave NW,GRAND RAPIDS,140000,3,2,1847,MI,https://www.zillow.com/homedetails/1755-Jennette-Ave-NW-Grand-Rapids-MI-49504/23773580_zpid/
1420 Franklin Ave,GRAND HAVEN,175000,4,1,1296,MI,https://www.zillow.com/homedetails/1420-Franklin-Ave-Grand-Haven-MI-49417/74218090_zpid/
43135 Whisper Ct,NORTHVILLE,345000,3,3,1752,MI,https://www.zillow.com/homedetails/43135-Whisper-Ct-Northville-MI-48168/88085073_zpid/
514 W Washington St,ANN ARBOR,539900,4,2,1625,MI,https://www.zillow.com/homedetails/514-W-Washington-St-Ann-Arbor-MI-48103/24701110_zpid/
