address,city,price(USD),bds,ba,sqft,state,url
3918 SW Harbor Dr,LEES SUMMIT,179900,4,3,3211,MO,https://www.zillow.com/homedetails/3918-SW-Harbor-Dr-Lees-Summit-MO-64082/2480592_zpid/
3319 Cleveland Ave,KANSAS CITY,60000,4,3,1732,MO,https://www.zillow.com/homedetails/3319-Cleveland-Ave-Kansas-City-MO-64128/2334093_zpid/
18255 Canyon Forest Ct,Chesterfield,7900,4,5,4706,MO,https://www.zillow.com/homedetails/18255-Canyon-Forest-Ct-Chesterfield-MO-63005/87733097_zpid/
1007 Enwood Ct,SAINT PETERS,210000,3,3,1203,MO,https://www.zillow.com/homedetails/1007-Enwood-Ct-Saint-Peters-MO-63376/2536864_zpid/
4132 Holmes St,KANSAS CITY,289000,4,3,2150,MO,https://www.zillow.com/homedetails/4132-Holmes-St-Kansas-City-MO-64110/2342468_zpid/
2342 Eagle Pines Dr,SAINT CHARLES,239900,3,3,1316,MO,https://www.zillow.com/homedetails/2342-Eagle-Pines-Dr-Saint-Charles-MO-63303/2557606_zpid/
302 Alberta Ln,WASHINGTON,135000,3,2,1428,MO,https://www.zillow.com/homedetails/302-Alberta-Ln-Washington-MO-63090/67506212_zpid/
11408 Manchester Rd,Saint Louis,197000,3,2,1556,MO,https://www.zillow.com/homedetails/11408-Manchester-Rd-Saint-Louis-MO-63122/2803459_zpid/
3700 Mill St,WENTZVILLE,80000,4,2,1980,MO,https://www.zillow.com/homedetails/3700-Mill-St-Wentzville-MO-63385/103700975_zpid/
1356 Green Elm Dr,Fenton,189900,3,2,2814,MO,https://www.zillow.com/homedetails/1356-Green-Elm-Dr-Fenton-MO-63026/2901047_zpid/
1412 N Countryshire Dr,COLUMBIA,299900,4,4,4727,MO,https://www.zillow.com/homedetails/1412-N-Countryshire-Dr-Columbia-MO-65202/58696866_zpid/
316 SE Ridgeview Dr,LEES SUMMIT,75000,3,2,1609,MO,https://www.zillow.com/homedetails/316-SE-Ridgeview-Dr-Lees-Summit-MO-64063/2454137_zpid/
721 Cheviot Ct,Saint Louis,239900,3,2,1536,MO,https://www.zillow.com/homedetails/721-Cheviot-Ct-Saint-Louis-MO-63122/2841443_zpid/
67 Chafford Woods,Saint Louis,345000,3,2,2152,MO,https://www.zillow.com/homedetails/67-Chafford-Woods-Saint-Louis-MO-63144/2772989_zpid/
1719 Deergrass Dr,SAINT CHARLES,218000,3,3,1380,MO,https://www.zillow.com/homedetails/1719-Deergrass-Dr-Saint-Charles-MO-63303/2532130_zpid/
4000 NE 80th Ter,KANSAS CITY,279000,4,3,2250,MO,https://www.zillow.com/homedetails/4000-NE-80th-Ter-Kansas-City-MO-64119/71155150_zpid/
1069 Mccausland Ave,Saint Louis,175000,4,3,1768,MO,https://www.zillow.com/homedetails/1069-Mccausland-Ave-Saint-Louis-MO-63117/2983882_zpid/
2218 Yale Ave,Saint Louis,175000,2,2,924,MO,https://www.zillow.com/homedetails/2218-Yale-Ave-Saint-Louis-MO-63143/2783612_zpid/
224 Crownridge Dr,Chesterfield,349900,4,3,2212,MO,https://www.zillow.com/homedetails/224-Crownridge-Dr-Chesterfield-MO-63017/2731740_zpid/
19 Edgemont Rd,SAINT PETERS,169000,3,2,1209,MO,https://www.zillow.com/homedetails/19-Edgemont-Rd-Saint-Peters-MO-63376/2537712_zpid/
1461 Glenlea Dr,Maryland Heights,224900,3,3,2368,MO,https://www.zillow.com/homedetails/1461-Glenlea-Dr-Maryland-Heights-MO-63043/2702025_zpid/
104 E 80th Ter,KANSAS CITY,185000,2,2,1132,MO,https://www.zillow.com/homedetails/104-E-80th-Ter-Kansas-City-MO-64114/2424885_zpid/
703 E 41st St,KANSAS CITY,169900,3,2,1553,MO,https://www.zillow.com/homedetails/703-E-41st-St-Kansas-City-MO-64110/2342408_zpid/
5223 Potomac St,Saint Louis,179900,3,2,1105,MO,https://www.zillow.com/homedetails/5223-Potomac-St-Saint-Louis-MO-63139/2986279_zpid/
7832 Kenridge Ln,Saint Louis,250000,4,3,1470,MO,https://www.zillow.com/homedetails/7832-Kenridge-Ln-Saint-Louis-MO-63119/2816960_zpid/
4128 Exeter Ave,Saint Louis,229900,3,2,1542,MO,https://www.zillow.com/homedetails/4128-Exeter-Ave-Saint-Louis-MO-63119/2795319_zpid/
12 Pinon Pine Ct,SAINT PETERS,194900,3,2,1350,MO,https://www.zillow.com/homedetails/12-Pinon-Pine-Ct-Saint-Peters-MO-63376/2536335_zpid/
8334 Marty Martin Rd,HILLSBORO,139900,3,2,1740,MO,https://www.zillow.com/homedetails/8334-Marty-Martin-Rd-Hillsboro-MO-63050/49722610_zpid/
7304 N Granby Ave,Kansas City,185000,4,3,1440,MO,https://www.zillow.com/homedetails/7304-N-Granby-Ave-Kansas-City-MO-64151/2491005_zpid/
12 Kingston Manor Dr,Saint Louis,679900,5,3,2225,MO,https://www.zillow.com/homedetails/12-Kingston-Manor-Dr-Saint-Louis-MO-63124/2751665_zpid/
5907 Pennbrooke Dr,Saint Louis,239900,4,4,1816,MO,https://www.zillow.com/homedetails/5907-Pennbrooke-Dr-Saint-Louis-MO-63129/2928044_zpid/
1301 E 76th St,KANSAS CITY,85000,4,2,1565,MO,https://www.zillow.com/homedetails/1301-E-76th-St-Kansas-City-MO-64131/2422562_zpid/
6723 Glades Ave,SAINT LOUIS,124999,3,1,980,MO,https://www.zillow.com/homedetails/6723-Glades-Ave-Saint-Louis-MO-63139/2984547_zpid/
5320 S Hazel Dr,Springfield,319900,4,3,2526,MO,https://www.zillow.com/homedetails/5320-S-Hazel-Dr-Springfield-MO-65810/66816691_zpid/
74 Wedgewood Rd,ELDON,67900,4,2,1805,MO,https://www.zillow.com/homedetails/74-Wedgewood-Rd-Eldon-MO-65026/126831900_zpid/
870 Hollyridge Dr,Ballwin,280000,4,3,2742,MO,https://www.zillow.com/homedetails/870-Hollyridge-Dr-Ballwin-MO-63011/2791290_zpid/
7318 N Euclid Ave,Gladstone,160000,3,2,2064,MO,https://www.zillow.com/homedetails/7318-N-Euclid-Ave-Gladstone-MO-64118/66417088_zpid/
528 NE Wood Ct,BLUE SPRINGS,185000,3,3,1614,MO,https://www.zillow.com/homedetails/528-NE-Wood-Ct-Blue-Springs-MO-64014/2385572_zpid/
