address,city,price(USD),bds,ba,sqft,state,url
5507 Mcchesney Dr,CHARLOTTE,334750,4,3,2956,NC,https://www.zillow.com/homedetails/5507-Mcchesney-Dr-Charlotte-NC-28269/6148178_zpid/
116 Ulverston Dr,Holly Springs,498460,5,6,4178,NC,https://www.zillow.com/homedetails/116-Ulverston-Dr-Holly-Springs-NC-27540/122280363_zpid/
5500 Twin Brook Dr,CHARLOTTE,211150,4,3,2940,NC,https://www.zillow.com/homedetails/5500-Twin-Brook-Dr-Charlotte-NC-28269/89697484_zpid/
128 Morena Dr,Holly Springs,268830,4,3,1916,NC,https://www.zillow.com/homedetails/128-Morena-Dr-Holly-Springs-NC-27540/6564495_zpid/
810 Grand Provincial Ave,Matthews,551749,4,4,3983,NC,https://www.zillow.com/homedetails/810-Grand-Provincial-Ave-Matthews-NC-28105/65049794_zpid/
104 Shadow Mist Ct,Apex,552080,6,4,5402,NC,https://www.zillow.com/homedetails/104-Shadow-Mist-Ct-Apex-NC-27539/118202442_zpid/
9020 Blueshot Ct,CHARLOTTE,235870,4,3,1848,NC,https://www.zillow.com/homedetails/9020-Blueshot-Ct-Charlotte-NC-28273/6285884_zpid/
9000 Linslade Way,Wake Forest,358530,4,3,3049,NC,https://www.zillow.com/homedetails/9000-Linslade-Way-Wake-Forest-NC-27587/82677621_zpid/
1005 Tulip Grove Ln,Wake Forest,224540,3,3,1616,NC,https://www.zillow.com/homedetails/1005-Tulip-Grove-Ln-Wake-Forest-NC-27587/60539735_zpid/
1400 Alpine Creek Dr,RALEIGH,6500000,7,12,18398,NC,https://www.zillow.com/homedetails/1400-Alpine-Creek-Dr-Raleigh-NC-27614/80205877_zpid/
3919 Faith Church Rd,Indian Trail,243320,3,3,1793,NC,https://www.zillow.com/homedetails/3919-Faith-Church-Rd-Indian-Trail-NC-28079/51465926_zpid/
2033 Gloucester St,Weddington,454230,4,3,2924,NC,https://www.zillow.com/homedetails/2033-Gloucester-St-Weddington-NC-28104/89702238_zpid/
303 S Brandon Way,Jacksonville,133000,4,3,2279,NC,https://www.zillow.com/homedetails/303-S-Brandon-Way-Jacksonville-NC-28540/2136321166_zpid/
564 Wildwood Acres Rd,FRANKLIN,100000,3,3,3304,NC,https://www.zillow.com/homedetails/564-Wildwood-Acres-Rd-Franklin-NC-28734/65636278_zpid/
3820 Moncacy Dr,RALEIGH,200000,3,3,1868,NC,https://www.zillow.com/homedetails/3820-Moncacy-Dr-Raleigh-NC-27610/81436827_zpid/
1849 Kirby Rd,LILESVILLE,63000,4,5,3120,NC,https://www.zillow.com/homedetails/1849-Kirby-Rd-Lilesville-NC-28091/88860099_zpid/
6205 Castlecove Rd,Charlotte,361530,4,5,4592,NC,https://www.zillow.com/homedetails/6205-Castlecove-Rd-Charlotte-NC-28278/80455519_zpid/
6955 Wadsworth Pl,FAYETTEVILLE,79300,3,3,1534,NC,https://www.zillow.com/homedetails/6955-Wadsworth-Pl-Fayetteville-NC-28314/53708558_zpid/
24 Browntown Rd,Asheville,10750000,5,8.5,16221,NC,https://www.zillow.com/homedetails/24-Browntown-Rd-Asheville-NC-28803/5611518_zpid/
1842 Southwind Dr,CHARLOTTE,189900,4,3,2264,NC,https://www.zillow.com/homedetails/1842-Southwind-Dr-Charlotte-NC-28216/65006222_zpid/
12520 Ivey Creek Dr,Charlotte,255000,4,3,2356,NC,https://www.zillow.com/homedetails/12520-Ivey-Creek-Dr-Charlotte-NC-28273/54497246_zpid/
420 Williamsboro St,OXFORD,110000,3,3,4134,NC,https://www.zillow.com/homedetails/420-Williamsboro-St-Oxford-NC-27565/93025841_zpid/
4003 Stonehill Ln,MATTHEWS,452170,5,4,3339,NC,https://www.zillow.com/homedetails/4003-Stonehill-Ln-Matthews-NC-28104/80909910_zpid/
2209 Wide River Dr,RALEIGH,531480,6,6,4636,NC,https://www.zillow.com/homedetails/2209-Wide-River-Dr-Raleigh-NC-27614/79885861_zpid/
2216 Long And Winding Rd,RALEIGH,237500,3,3,1567,NC,https://www.zillow.com/homedetails/2216-Long-And-Winding-Rd-Raleigh-NC-27603/6518914_zpid/
1306 Pineview Dr,GARNER,125000,4,3,1919,NC,https://www.zillow.com/homedetails/1306-Pineview-Dr-Garner-NC-27529/6405164_zpid/
9416 Leyton Dr,HARRISBURG,429510,5,4,3331,NC,https://www.zillow.com/homedetails/9416-Leyton-Dr-Harrisburg-NC-28075/80200327_zpid/
9235 Sweetleaf Pl,CHARLOTTE,6200000,6,11,15621,NC,https://www.zillow.com/homedetails/9235-Sweetleaf-Pl-Charlotte-NC-28278/65057386_zpid/
1812 Lakepark Dr,RALEIGH,359000,3,3,2899,NC,https://www.zillow.com/homedetails/1812-Lakepark-Dr-Raleigh-NC-27612/6449937_zpid/
1924 E 3rd St,Winston Salem,29500,4,2,1501,NC,https://www.zillow.com/homedetails/1924-E-3rd-St-Winston-Salem-NC-27101/2086248935_zpid/
6320 Deep Forest Ln,CHARLOTTE,199000,4,3,2085,NC,https://www.zillow.com/homedetails/6320-Deep-Forest-Ln-Charlotte-NC-28214/6171024_zpid/
4609 Draper Rd,RALEIGH,145000,2,1,1007,NC,https://www.zillow.com/homedetails/4609-Draper-Rd-Raleigh-NC-27616/6493447_zpid/
1332 Bethesda Rd,Lexington,124995,2,2,3080,NC,https://www.zillow.com/homedetails/1332-Bethesda-Rd-Lexington-NC-27295/245667466_zpid/
1 Fairmont Rd,Asheville,325000,4,4,2661,NC,https://www.zillow.com/homedetails/1-Fairmont-Rd-Asheville-NC-28804/5615546_zpid/
200 Elmhurst Rd,WILMINGTON,175000,6,3,2124,NC,https://www.zillow.com/homedetails/200-Elmhurst-Rd-Wilmington-NC-28411/54289079_zpid/
224 Woodlynn Dr,CHARLOTTE,169900,3,2,1100,NC,https://www.zillow.com/homedetails/224-Woodlynn-Dr-Charlotte-NC-28214/65019091_zpid/
2613 Overland Psge,Chapel Hill,300000,3,2,1531,NC,https://www.zillow.com/homedetails/2613-Overland-Psge-Chapel-Hill-NC-27516/50029783_zpid/
6108 Bramlette Ct,FUQUAY VARINA,219900,3,2,1531,NC,https://www.zillow.com/homedetails/6108-Bramlette-Ct-Fuquay-Varina-NC-27526/6560475_zpid/
8435 River Rd,WILMINGTON,259000,2,2,1300,NC,https://www.zillow.com/homedetails/8435-River-Rd-Wilmington-NC-28412/54346973_zpid/
719 W Main St,ALBEMARLE,150000,6,3,3742,NC,https://www.zillow.com/homedetails/719-W-Main-St-Albemarle-NC-28001/71396405_zpid/
635 Nc Highway 226 Rd,Casar,119900,4,3,3940,NC,https://www.zillow.com/homedetails/635-Nc-Highway-226-Rd-Casar-NC-28020/2085769550_zpid/
142 October Glory Dr,WALLACE,125000,3,3,3087,NC,https://www.zillow.com/homedetails/142-October-Glory-Dr-Wallace-NC-28466/102147058_zpid/
2027 Sam Wilson Rd,CHARLOTTE,279000,4,2,2497,NC,https://www.zillow.com/homedetails/2027-Sam-Wilson-Rd-Charlotte-NC-28214/6169934_zpid/
1624 Morning Mountain Rd,RALEIGH,5500000,4,9,10149,NC,https://www.zillow.com/homedetails/1624-Morning-Mountain-Rd-Raleigh-NC-27614/6524853_zpid/
2209 Wilcox Dr,Greensboro,140000,3,3,1496,NC,https://www.zillow.com/homedetails/2209-Wilcox-Dr-Greensboro-NC-27405/71210947_zpid/
168 Broad Sound Pl,Mooresville,6995000,6,10,9789,NC,https://www.zillow.com/homedetails/168-Broad-Sound-Pl-Mooresville-NC-28117/251103257_zpid/
9100 Shrewsbury Dr,WAXHAW,510880,6,4,4190,NC,https://www.zillow.com/homedetails/9100-Shrewsbury-Dr-Waxhaw-NC-28173/61793006_zpid/
219 Merrimon Ave # 7QC9HZ,Asheville,254087,3,2,2543,NC,https://www.zillow.com/community/asheville/2090709066_zpid/
2131 Cedar Creek Rd,Lake Lure,169500,3,2,1620,NC,https://www.zillow.com/homedetails/2131-Cedar-Creek-Rd-Lake-Lure-NC-28746/102140335_zpid/
3925 Falmouth Dr,RALEIGH,179900,3,3,1639,NC,https://www.zillow.com/homedetails/3925-Falmouth-Dr-Raleigh-NC-27604/6451408_zpid/
7517 Morrocroft Farms Ln,CHARLOTTE,3999995,7,9,8190,NC,https://www.zillow.com/homedetails/7517-Morrocroft-Farms-Ln-Charlotte-NC-28211/6269240_zpid/
5505 Cornwallis Rd,GARNER,179900,3,2,1302,NC,https://www.zillow.com/homedetails/5505-Cornwallis-Rd-Garner-NC-27529/69120900_zpid/
450 Highland Rd,MURPHY,179000,3,2,1089,NC,https://www.zillow.com/homedetails/450-Highland-Rd-Murphy-NC-28906/106955906_zpid/
14901 Majestic Oak Dr,Charlotte,400000,4,5,5784,NC,https://www.zillow.com/homedetails/14901-Majestic-Oak-Dr-Charlotte-NC-28278/6306348_zpid/
9818 Back Acre Dr,CHARLOTTE,285000,5,3,2976,NC,https://www.zillow.com/homedetails/9818-Back-Acre-Dr-Charlotte-NC-28213/65022477_zpid/
2723 Creekbed Ln,CHARLOTTE,270000,4,2.5,1934,NC,https://www.zillow.com/homedetails/2723-Creekbed-Ln-Charlotte-NC-28210/6261389_zpid/
7904 Round Oak Rd,Raleigh,170000,4,2,1356,NC,https://www.zillow.com/homedetails/7904-Round-Oak-Rd-Raleigh-NC-27616/6488716_zpid/
603 N Driver St,DURHAM,150000,2,1,1019,NC,https://www.zillow.com/homedetails/603-N-Driver-St-Durham-NC-27703/49975399_zpid/
9916 Daufuskie Dr,CHARLOTTE,388310,5,3,3546,NC,https://www.zillow.com/homedetails/9916-Daufuskie-Dr-Charlotte-NC-28278/80462421_zpid/
3715 Green Pasture Rd,CHARLOTTE,250000,5,3,2561,NC,https://www.zillow.com/homedetails/3715-Green-Pasture-Rd-Charlotte-NC-28269/80446889_zpid/
385 Harper Ave SW,LENOIR,45000,5,3,3237,NC,https://www.zillow.com/homedetails/385-Harper-Ave-SW-Lenoir-NC-28645/92556986_zpid/
12721 Newstead Rd,Huntersville,217500,3,2,1300,NC,https://www.zillow.com/homedetails/12721-Newstead-Rd-Huntersville-NC-28078/6137175_zpid/
5127 Orange Grove Road,Hillsborough,375000,3,4,2902,NC,https://www.zillow.com/homedetails/5127-Orange-Grove-Road-Hillsborough-NC-27278/2103215479_zpid/
98 Cedar Rd,HICKORY,149900,3,2,1902,NC,https://www.zillow.com/homedetails/98-Cedar-Rd-Hickory-NC-28601/106929445_zpid/
