address,city,price(USD),bds,ba,sqft,state,url
12 E 69th St,NEW YORK,88000000,6,11,20000,NY,https://www.zillow.com/homedetails/12-E-69th-St-New-York-NY-10021/31533674_zpid/
520 W 28th St,New York,58500000,7,9,11121,NY,https://www.zillow.com/homedetails/520-W-28th-St-New-York-NY-10001/2086472572_zpid/
Jule Pond Dr,Water Mill,175000000,12,12,20000,NY,https://www.zillow.com/homedetails/Jule-Pond-Dr-Water-Mill-NY-11976/2092865524_zpid/
635 W 42nd St # 45,New York,85000000,10,10.5,15000,NY,https://www.zillow.com/homedetails/635-W-42nd-St-45-New-York-NY-10036/2102322179_zpid/
134 Charles St,New York,80000000,6,8.5,18000,NY,https://www.zillow.com/homedetails/134-Charles-St-New-York-NY-10014/2105104498_zpid/
12 E 63rd St,New York,67000000,7,11,13000,NY,https://www.zillow.com/homedetails/12-E-63rd-St-New-York-NY-10065/2099424678_zpid/
Spring Knls,Great Neck,35000000,6,17,26000,NY,https://www.zillow.com/homedetails/Spring-Knls-Great-Neck-NY-11024/2087197092_zpid/
45 E 22nd St # PHAB,New York,77700000,6,11,13060,NY,https://www.zillow.com/homedetails/45-E-22nd-St-PHAB-New-York-NY-10010/2087101986_zpid/
351 S 1st Ave,MOUNT VERNON,249900,6,3,2600,NY,https://www.zillow.com/homedetails/351-S-1st-Ave-Mount-Vernon-NY-10550/32954511_zpid/
21544 47th Ave APT 1C,Bayside,299000,2,1,118000,NY,https://www.zillow.com/homedetails/21544-47th-Ave-APT-1C-Bayside-NY-11361/245379132_zpid/
2748 Lincoln Blvd,MERRICK,579999,4,3,3014,NY,https://www.zillow.com/homedetails/2748-Lincoln-Blvd-Merrick-NY-11566/72407881_zpid/
222 N Broadway # ALB,Yonkers,125000,2,2,1200,NY,https://www.zillow.com/homedetails/222-N-Broadway-ALB-Yonkers-NY-10701/2093834357_zpid/
118 E 76th St,New York,39000000,8,18,13000,NY,https://www.zillow.com/homedetails/118-E-76th-St-New-York-NY-10021/2090867491_zpid/
111 W 57th St # 74,New York,57000000,4,10,7130,NY,https://www.zillow.com/homedetails/111-W-57th-St-74-New-York-NY-10019/2087018114_zpid/
45 E 22nd St,New York,77700000,6,7,13060,NY,https://www.zillow.com/homedetails/45-E-22nd-St-New-York-NY-10010/2117423535_zpid/
63 Cumberland Pl,VALLEY STREAM,350000,5,3,2431,NY,https://www.zillow.com/homedetails/63-Cumberland-Pl-Valley-Stream-NY-11580/31234914_zpid/
6 Carriage Trl,Tarrytown,12995000,9,12.5,23084,NY,https://www.zillow.com/homedetails/6-Carriage-Trl-Tarrytown-NY-10591/2100956276_zpid/
287 Empire Blvd,BROOKLYN,350000,5,2,2240,NY,https://www.zillow.com/homedetails/287-Empire-Blvd-Brooklyn-NY-11225/30594731_zpid/
9021 207th St,Jamaica,260000,3,1,1380,NY,https://www.zillow.com/homedetails/9021-207th-St-Jamaica-NY-11428/32147266_zpid/
140 Smith Rd,POUGHKEEPSIE,130000,3,2,2896,NY,https://www.zillow.com/homedetails/140-Smith-Rd-Poughkeepsie-NY-12603/30114196_zpid/
9 Olde Towne Ln,Southampton,39500000,10,15,15500,NY,https://www.zillow.com/homedetails/9-Olde-Towne-Ln-Southampton-NY-11968/2100486148_zpid/
421 Broome St,New York,59500000,4,7,8000,NY,https://www.zillow.com/homedetails/421-Broome-St-New-York-NY-10013/2089060341_zpid/
284 E 43rd St,Brooklyn,679000,4,4,2016,NY,https://www.zillow.com/homedetails/284-E-43rd-St-Brooklyn-NY-11203/30660215_zpid/
12 Greene St APT 5,New York,9950000,3,4,4500,NY,https://www.zillow.com/homedetails/12-Greene-St-APT-5-New-York-NY-10013/72510865_zpid/
40 Riverside Dr,NEW YORK,15995000,7,10,10720,NY,https://www.zillow.com/homedetails/40-Riverside-Dr-New-York-NY-10023/31523621_zpid/
207 W 144th St APT 2C,New York,299000,3,2,1100,NY,https://www.zillow.com/homedetails/207-W-144th-St-APT-2C-New-York-NY-10030/2085727492_zpid/
162 E 64th St,New York,50000000,6,8,10400,NY,https://www.zillow.com/homedetails/162-E-64th-St-New-York-NY-10065/143148526_zpid/
602 158th St,Queens,7988001,7,8,10000,NY,https://www.zillow.com/homedetails/602-158th-St-Queens-NY-11357/94721364_zpid/
181 Boughton Hill Rd,HONEOYE FALLS,119900,3,2,1628,NY,https://www.zillow.com/homedetails/181-Boughton-Hill-Rd-Honeoye-Falls-NY-14472/30989060_zpid/
18 Major Rd,MASSAPEQUA,359000,4,2,1332,NY,https://www.zillow.com/homedetails/18-Major-Rd-Massapequa-NY-11758/31429765_zpid/
9021 197th St,Jamaica,200000,5,2,2012,NY,https://www.zillow.com/homedetails/9021-197th-St-Jamaica-NY-11423/32144725_zpid/
3826 Footer Road #BRISTOL,Bristol,149900,3,2,1648,NY,https://www.zillow.com/homedetails/3826-Footer-Road-BRISTOL-Bristol-NY-14469/2088422926_zpid/
1080 Meadow Ln,SOUTHAMPTON,150000000,12,21,20000,NY,https://www.zillow.com/homedetails/1080-Meadow-Ln-Southampton-NY-11968/32717991_zpid/
53 W 53rd St # PH76,New York,63815000,4,5,7973,NY,https://www.zillow.com/homedetails/53-W-53rd-St-PH76-New-York-NY-10019/2087724598_zpid/
248 Central Park W,New York,21900000,7,9,9775,NY,https://www.zillow.com/homedetails/248-Central-Park-W-New-York-NY-10024/31523749_zpid/
86 Norfeld Blvd,ELMONT,175000,4,2,1541,NY,https://www.zillow.com/homedetails/86-Norfeld-Blvd-Elmont-NY-11003/31181836_zpid/
111 Murray St # PH2,New York,40000000,5,8.5,7488,NY,https://www.zillow.com/homedetails/111-Murray-St-PH2-New-York-NY-10007/2089608938_zpid/
278 Valley Green Dr,PENFIELD,209900,4,3,2020,NY,https://www.zillow.com/homedetails/278-Valley-Green-Dr-Penfield-NY-14526/31004864_zpid/
2139 Clinton Ave,BRONX,265000,3,2,1320,NY,https://www.zillow.com/homedetails/2139-Clinton-Ave-Bronx-NY-10457/29785222_zpid/
814 Tilden St UNIT 4K,Bronx,170000,2,1,1000,NY,https://www.zillow.com/homedetails/814-Tilden-St-UNIT-4K-Bronx-NY-10467/2085750126_zpid/
4640 Boynton Rd,WALWORTH,209900,3,2,1616,NY,https://www.zillow.com/homedetails/4640-Boynton-Rd-Walworth-NY-14568/32916629_zpid/
212 5th Ave # PH,MANHATTAN,62800000,5,7,10079,NY,https://www.zillow.com/homedetails/212-5th-Ave-PH-Manhattan-NY-10010/30582913_zpid/
55 Ehrbar Ave # 4D,Mount Vernon,190000,3,2,1500,NY,https://www.zillow.com/homedetails/55-Ehrbar-Ave-4D-Mount-Vernon-NY-10552/2088853072_zpid/
100 Lordan Dr,Cheektowaga,70000,4,2,1920,NY,https://www.zillow.com/homedetails/100-Lordan-Dr-Cheektowaga-NY-14227/30304228_zpid/
332 W 11th St,New York,49950000,6,6.5,30000,NY,https://www.zillow.com/homedetails/332-W-11th-St-New-York-NY-10014/2086547435_zpid/
1400 Meadow Ln,SOUTHAMPTON,53900000,9,13,10927,NY,https://www.zillow.com/homedetails/1400-Meadow-Ln-Southampton-NY-11968/32717978_zpid/
17702 120th Ave,Jamaica,399999,6,3,2020,NY,https://www.zillow.com/homedetails/17702-120th-Ave-Jamaica-NY-11434/68316370_zpid/
80 Clarington St,ROCHESTER,89900,3,2,1587,NY,https://www.zillow.com/homedetails/80-Clarington-St-Rochester-NY-14609/30986296_zpid/
9132 89th St,Jamaica,375000,3,3,1184,NY,https://www.zillow.com/homedetails/9132-89th-St-Jamaica-NY-11421/32110448_zpid/
24 William St,Valley Stream,489000,4,3,1201,NY,https://www.zillow.com/homedetails/24-William-St-Valley-Stream-NY-11580/31235674_zpid/
1459 E 56th St,BROOKLYN,479999,4,2,1248,NY,https://www.zillow.com/homedetails/1459-E-56th-St-Brooklyn-NY-11234/30764769_zpid/
280 Washington Ave,BROOKLYN,13500000,7,8,10000,NY,https://www.zillow.com/homedetails/280-Washington-Ave-Brooklyn-NY-11205/30612247_zpid/
15 Curley Dr,ORCHARD PARK,365000,4,3,2626,NY,https://www.zillow.com/homedetails/15-Curley-Dr-Orchard-Park-NY-14127/30373520_zpid/
88 Old House Ln,Sands Point,28800000,8,13,15000,NY,https://www.zillow.com/homedetails/88-Old-House-Ln-Sands-Point-NY-11050/2095943810_zpid/
87 Duncan Ave,CORNWALL ON HUDSON,259000,2,2,1100,NY,https://www.zillow.com/homedetails/87-Duncan-Ave-Cornwall-On-Hudson-NY-12520/31808380_zpid/
2925 W 5th St APT 21B,Brooklyn,210000,2,1,1100,NY,https://www.zillow.com/homedetails/2925-W-5th-St-APT-21B-Brooklyn-NY-11224/245043999_zpid/
136 Middlebury Rd,ORCHARD PARK,299900,4,4,2481,NY,https://www.zillow.com/homedetails/136-Middlebury-Rd-Orchard-Park-NY-14127/30375247_zpid/
1340 Teall Ave,SYRACUSE,72000,3,2,2240,NY,https://www.zillow.com/homedetails/1340-Teall-Ave-Syracuse-NY-13206/31662021_zpid/
34 Pryer Ter,New Rochelle,450000,5,8,2820,NY,https://www.zillow.com/homedetails/34-Pryer-Ter-New-Rochelle-NY-10804/32959381_zpid/
3427 Bedford Ave,BROOKLYN,7250000,11,9,10250,NY,https://www.zillow.com/homedetails/3427-Bedford-Ave-Brooklyn-NY-11210/30754826_zpid/
191 Glencove Rd,BUFFALO,110000,3,1,1247,NY,https://www.zillow.com/homedetails/191-Glencove-Rd-Buffalo-NY-14223/30394030_zpid/
40 Milford Rd,ROCHESTER,285000,3,2,2401,NY,https://www.zillow.com/homedetails/40-Milford-Rd-Rochester-NY-14625/30898798_zpid/
420 E 51st St APT 5C,New York,600000,2,2,1200,NY,https://www.zillow.com/homedetails/420-E-51st-St-APT-5C-New-York-NY-10022/244868772_zpid/
79 Milton Ave,STATEN ISLAND,250000,3,1,960,NY,https://www.zillow.com/homedetails/79-Milton-Ave-Staten-Island-NY-10306/32334766_zpid/
4 Milano Ct,CROTON ON HUDSON,399900,3,3,1870,NY,https://www.zillow.com/homedetails/4-Milano-Ct-Croton-On-Hudson-NY-10520/58417495_zpid/
105 S Grove St St,Aurora,285000,3,2,1432,NY,https://www.zillow.com/homedetails/105-S-Grove-St-St-Aurora-NY-14052/2085501401_zpid/
57 Wing Ln,WANTAGH,475000,4,2,1798,NY,https://www.zillow.com/homedetails/57-Wing-Ln-Wantagh-NY-11793/31341904_zpid/
357 W 17th St,New York,27500000,5,12,11000,NY,https://www.zillow.com/homedetails/357-W-17th-St-New-York-NY-10011/143095430_zpid/
1472 Wehrle Dr,Williamsville,134900,3,1,1501,NY,https://www.zillow.com/homedetails/1472-Wehrle-Dr-Williamsville-NY-14221/30267733_zpid/
6425 New Taylor Rd,Orchard Park,299000,4,2,1799,NY,https://www.zillow.com/homedetails/6425-New-Taylor-Rd-Orchard-Park-NY-14127/30370814_zpid/
145 E Maplemere Rd,Williamsville,189900,3,2,1931,NY,https://www.zillow.com/homedetails/145-E-Maplemere-Rd-Williamsville-NY-14221/30248445_zpid/
20 Park Hill Pl,YONKERS,500000,6,3,2644,NY,https://www.zillow.com/homedetails/20-Park-Hill-Pl-Yonkers-NY-10705/32985181_zpid/
834 Fifth Avenue 7/8a # 7/8A,New York,68000000,7,10,12000,NY,https://www.zillow.com/homedetails/834-Fifth-Avenue-7-8a-7-8A-New-York-NY-10065/2092014450_zpid/
3047 Whitehaven Rd,GRAND ISLAND,269900,4,3,2352,NY,https://www.zillow.com/homedetails/3047-Whitehaven-Rd-Grand-Island-NY-14072/30330948_zpid/
52 Shearer Ave,EAST AURORA,152000,3,1,1904,NY,https://www.zillow.com/homedetails/52-Shearer-Ave-East-Aurora-NY-14052/30268507_zpid/
9 Olde Towne Ln,Southampton,39500000,10,14,30000,NY,https://www.zillow.com/homedetails/9-Olde-Towne-Ln-Southampton-NY-11968/111547398_zpid/
3438 Bay Front Dr,BALDWIN,345000,3,2,1680,NY,https://www.zillow.com/homedetails/3438-Bay-Front-Dr-Baldwin-NY-11510/31366707_zpid/
43 Bronx River Rd APT 6H,Yonkers,249000,2,2,1200,NY,https://www.zillow.com/homedetails/43-Bronx-River-Rd-APT-6H-Yonkers-NY-10704/2085579796_zpid/
74 Southside Ave,FREEPORT,299900,4,2,1838,NY,https://www.zillow.com/homedetails/74-Southside-Ave-Freeport-NY-11520/31411758_zpid/
122 6th Ave,Pelham,885000,4,3,2573,NY,https://www.zillow.com/homedetails/122-6th-Ave-Pelham-NY-10803/33080538_zpid/
203 Lockwood Rd,SYRACUSE,164900,4,3,2330,NY,https://www.zillow.com/homedetails/203-Lockwood-Rd-Syracuse-NY-13214/31668111_zpid/
12 Whitmore St,ROCHESTER,167000,4,2,1600,NY,https://www.zillow.com/homedetails/12-Whitmore-St-Rochester-NY-14620/30888063_zpid/
7 Sparrow Ln,LEVITTOWN,449000,4,2,1200,NY,https://www.zillow.com/homedetails/7-Sparrow-Ln-Levittown-NY-11756/31338097_zpid/
3 Gables Blvd,Setauket,389000,4,2,2205,NY,https://www.zillow.com/homedetails/3-Gables-Blvd-Setauket-NY-11733/59318409_zpid/
4810 Beverley Rd,Brooklyn,369000,5,2.5,1872,NY,https://www.zillow.com/homedetails/4810-Beverley-Rd-Brooklyn-NY-11203/30655684_zpid/
3234 Layton Ave,Bronx,499000,3,3,1674,NY,https://www.zillow.com/homedetails/3234-Layton-Ave-Bronx-NY-10465/29845827_zpid/
972 Park Pl,Brooklyn,999000,10,4,3683,NY,https://www.zillow.com/homedetails/972-Park-Pl-Brooklyn-NY-11213/30592228_zpid/
55 Fuller Ave,WEBSTER,149900,3,2,1350,NY,https://www.zillow.com/homedetails/55-Fuller-Ave-Webster-NY-14580/31038068_zpid/
182ND Street,Springfield Gardens,325000,3,2,1803,NY,https://www.zillow.com/homedetails/182ND-Street-Springfield-Gardens-NY-11413/2110110786_zpid/
125 Towpath Ln,ROCHESTER,349900,3,4,3200,NY,https://www.zillow.com/homedetails/125-Towpath-Ln-Rochester-NY-14618/30905840_zpid/
348 Girard Ave,East Aurora,389900,3,3,1839,NY,https://www.zillow.com/homedetails/348-Girard-Ave-East-Aurora-NY-14052/30268199_zpid/
2980 Bowen Rd,ELMA,334900,4,4,3000,NY,https://www.zillow.com/homedetails/2980-Bowen-Rd-Elma-NY-14059/30321097_zpid/
127 George St,SMITHTOWN,589000,5,3,3176,NY,https://www.zillow.com/homedetails/127-George-St-Smithtown-NY-11787/32705119_zpid/
15 Willow St,BROOKLYN,8990000,6,5,6200,NY,https://www.zillow.com/homedetails/15-Willow-St-Brooklyn-NY-11201/30567263_zpid/
612 Halsey Ln,Bridgehampton,49995000,10,12.5,17000,NY,https://www.zillow.com/homedetails/612-Halsey-Ln-Bridgehampton-NY-11932/2109197304_zpid/
432 Park Ave # PH94A,New York,41000000,3,3.5,3952,NY,https://www.zillow.com/homedetails/432-Park-Ave-PH94A-New-York-NY-10022/2091768187_zpid/
115 Firemans Lane Ext,NEWBURGH,375000,4,3,2000,NY,https://www.zillow.com/homedetails/115-Firemans-Lane-Ext-Newburgh-NY-12550/61926768_zpid/
183 Hamilton Blvd,Kenmore,134900,3,1,1080,NY,https://www.zillow.com/homedetails/183-Hamilton-Blvd-Kenmore-NY-14217/30377997_zpid/
417 Glenford Wittenberg Rd,Woodstock,299000,2,1,1131,NY,https://www.zillow.com/homedetails/417-Glenford-Wittenberg-Rd-Woodstock-NY-12409/84121196_zpid/
575 Park Ave APT 1108,New York,795000,2,2,202841,NY,https://www.zillow.com/homedetails/575-Park-Ave-APT-1108-New-York-NY-10065/244703790_zpid/
105 Midvale Dr,FAIRPORT,174900,4,2,1652,NY,https://www.zillow.com/homedetails/105-Midvale-Dr-Fairport-NY-14450/31012079_zpid/
65 Burling Rd,ROCHESTER,118000,3,2,1245,NY,https://www.zillow.com/homedetails/65-Burling-Rd-Rochester-NY-14616/30847342_zpid/
6 N Passage,FAIRPORT,225000,4,3,1959,NY,https://www.zillow.com/homedetails/6-N-Passage-Fairport-NY-14450/31012590_zpid/
127 3rd Pl,BROOKLYN,1395000,5,2,2500,NY,https://www.zillow.com/homedetails/127-3rd-Pl-Brooklyn-NY-11231/30573014_zpid/
7775 Deerfield Rd,LIVERPOOL,189900,4,3,2176,NY,https://www.zillow.com/homedetails/7775-Deerfield-Rd-Liverpool-NY-13090/31714713_zpid/
55 Fieldstone Dr APT 43,Hartsdale,235000,2,2,1150,NY,https://www.zillow.com/homedetails/55-Fieldstone-Dr-APT-43-Hartsdale-NY-10530/2097401419_zpid/
87 Old House Ln,Sands Point,13900000,7,8.2,15000,NY,https://www.zillow.com/homedetails/87-Old-House-Ln-Sands-Point-NY-11050/2124844883_zpid/
9418 121st St,South Richmond Hill,305000,5,2,1280,NY,https://www.zillow.com/homedetails/9418-121st-St-South-Richmond-Hill-NY-11419/2119092011_zpid/
46 Random Knolls Dr,PENFIELD,279900,4,3,2036,NY,https://www.zillow.com/homedetails/46-Random-Knolls-Dr-Penfield-NY-14526/31005442_zpid/
212 Sedgwick St,SYRACUSE,99000,3,3,1957,NY,https://www.zillow.com/homedetails/212-Sedgwick-St-Syracuse-NY-13203/31660811_zpid/
29 W Jefferson Rd,PITTSFORD,229900,3,3,2130,NY,https://www.zillow.com/homedetails/29-W-Jefferson-Rd-Pittsford-NY-14534/31023706_zpid/
5 Horizon Way,GREAT NECK,16988000,5,8,10744,NY,https://www.zillow.com/homedetails/5-Horizon-Way-Great-Neck-NY-11024/31064443_zpid/
109 Pennicott Dr,PENFIELD,225000,4,3,2145,NY,https://www.zillow.com/homedetails/109-Pennicott-Dr-Penfield-NY-14526/31001583_zpid/
54 Cimarand Dr,Williamsville,239900,3,3,1784,NY,https://www.zillow.com/homedetails/54-Cimarand-Dr-Williamsville-NY-14221/30243578_zpid/
