address,city,price(USD),bds,ba,sqft,state,url
739 Cohasset Dr,YOUNGSTOWN,149900,7,7,4308,OH,https://www.zillow.com/homedetails/739-Cohasset-Dr-Youngstown-OH-44511/34858758_zpid/
50 Twin Oaks Rd,AKRON,8650000,7,8,13927,OH,https://www.zillow.com/homedetails/50-Twin-Oaks-Rd-Akron-OH-44313/121566148_zpid/
11518 Harbor View Dr,Cleveland,9150000,7,10,15000,OH,https://www.zillow.com/homedetails/11518-Harbor-View-Dr-Cleveland-OH-44102/33325645_zpid/
4896 Orchard Dr,BRUNSWICK,139000,5,2,2084,OH,https://www.zillow.com/homedetails/4896-Orchard-Dr-Brunswick-OH-44212/34869997_zpid/
5204 Taylor Lane Ave,HILLIARD,159900,3,2,1248,OH,https://www.zillow.com/homedetails/5204-Taylor-Lane-Ave-Hilliard-OH-43026/33978008_zpid/
1782 Hibbard Dr,Stow,114000,3,3,1356,OH,https://www.zillow.com/homedetails/1782-Hibbard-Dr-Stow-OH-44224/35395611_zpid/
390 Delaneys Cir,Powell,399900,4,4,4232,OH,https://www.zillow.com/homedetails/390-Delaneys-Cir-Powell-OH-43065/33736793_zpid/
7648 Summerwood Dr,COLUMBUS,250000,3,3,2229,OH,https://www.zillow.com/homedetails/7648-Summerwood-Dr-Columbus-OH-43235/34118888_zpid/
5622 Riverside Dr,Dublin,3499000,5,8,15000,OH,https://www.zillow.com/homedetails/5622-Riverside-Dr-Dublin-OH-43017/34048913_zpid/
2805 Harrison Ave,CINCINNATI,295000,4,3,3760,OH,https://www.zillow.com/homedetails/2805-Harrison-Ave-Cincinnati-OH-45211/34254336_zpid/
5233 Clifton Pl,Fairfield,179900,3,3,2057,OH,https://www.zillow.com/homedetails/5233-Clifton-Pl-Fairfield-OH-45014/33150416_zpid/
4101 Wintertime Dr,COLUMBUS,155000,3,3,1605,OH,https://www.zillow.com/homedetails/4101-Wintertime-Dr-Columbus-OH-43207/34076137_zpid/
5627 Buxley Dr,WESTERVILLE,224900,3,3,2313,OH,https://www.zillow.com/homedetails/5627-Buxley-Dr-Westerville-OH-43081/71228133_zpid/
1299 Tumbleweed St NE,UNIONTOWN,171000,3,2,1348,OH,https://www.zillow.com/homedetails/1299-Tumbleweed-St-NE-Uniontown-OH-44685/35244471_zpid/
2628 Trailwind St,GROVE CITY,167500,3,2,1900,OH,https://www.zillow.com/homedetails/2628-Trailwind-St-Grove-City-OH-43123/34094030_zpid/
5055 Wyandot Pl,HILLIARD,144900,4,2,972,OH,https://www.zillow.com/homedetails/5055-Wyandot-Pl-Hilliard-OH-43026/33977122_zpid/
130 Thorobred Rd,LOVELAND,275000,4,4,2820,OH,https://www.zillow.com/homedetails/130-Thorobred-Rd-Loveland-OH-45140/34422419_zpid/
2044 Brentnell Ave,COLUMBUS,117500,3,3,1476,OH,https://www.zillow.com/homedetails/2044-Brentnell-Ave-Columbus-OH-43219/33937270_zpid/
2956 Representation Ter,COLUMBUS,117500,3,3,1356,OH,https://www.zillow.com/homedetails/2956-Representation-Ter-Columbus-OH-43207/60191385_zpid/
2200 Hudson Ave,CINCINNATI,274780,5,2,1977,OH,https://www.zillow.com/homedetails/2200-Hudson-Ave-Cincinnati-OH-45212/34429052_zpid/
105 S Westgate Ave,COLUMBUS,199900,3,2,1781,OH,https://www.zillow.com/homedetails/105-S-Westgate-Ave-Columbus-OH-43204/33867424_zpid/
2324 Fernwood Ave,Grove City,189900,3,2,1606,OH,https://www.zillow.com/homedetails/2324-Fernwood-Ave-Grove-City-OH-43123/33972146_zpid/
333 Groveport Pike,Canal Winchester,188000,4,3,2797,OH,https://www.zillow.com/homedetails/333-Groveport-Pike-Canal-Winchester-OH-43110/34043589_zpid/
5159 State Route 559,North Lewisburg,139500,3,2,1635,OH,https://www.zillow.com/homedetails/5159-State-Route-559-North-Lewisburg-OH-43060/75053938_zpid/
6060 Cabot Ct,MENTOR,167000,3,2,1849,OH,https://www.zillow.com/homedetails/6060-Cabot-Ct-Mentor-OH-44060/34491765_zpid/
2269 Worthingwoods Blvd,POWELL,239900,3,3,1592,OH,https://www.zillow.com/homedetails/2269-Worthingwoods-Blvd-Powell-OH-43065/34120576_zpid/
3747 Stirrup Ct,COLUMBUS,199900,3,2,1214,OH,https://www.zillow.com/homedetails/3747-Stirrup-Ct-Columbus-OH-43221/34081707_zpid/
2811 Copland Blvd,Toledo,137000,3,2,1165,OH,https://www.zillow.com/homedetails/2811-Copland-Blvd-Toledo-OH-43614/34630422_zpid/
20617 Stanford Ave,Fairview Park,200000,3,2,1237,OH,https://www.zillow.com/homedetails/20617-Stanford-Ave-Fairview-Park-OH-44126/33508072_zpid/
3996 Deer Lake Way,Columbus,144000,3,2,988,OH,https://www.zillow.com/homedetails/3996-Deer-Lake-Way-Columbus-OH-43204/34095075_zpid/
5393 Tara Hill Dr,DUBLIN,324900,4,3,2221,OH,https://www.zillow.com/homedetails/5393-Tara-Hill-Dr-Dublin-OH-43017/34063583_zpid/
2927 Southern Rd,RICHFIELD,275000,3,3,2060,OH,https://www.zillow.com/homedetails/2927-Southern-Rd-Richfield-OH-44286/35380873_zpid/
478 Glenside Ln,Powell,288500,3,3,1935,OH,https://www.zillow.com/homedetails/478-Glenside-Ln-Powell-OH-43065/33730160_zpid/
103 E 192nd St,Euclid,49900,6,3,2432,OH,https://www.zillow.com/homedetails/103-E-192nd-St-Euclid-OH-44119/33623514_zpid/
1024 Harvard Blvd,Dayton,48000,4,4,2560,OH,https://www.zillow.com/homedetails/1024-Harvard-Blvd-Dayton-OH-45406/35094873_zpid/
1098 Melinda Dr,Westerville,299850,4,3,2415,OH,https://www.zillow.com/homedetails/1098-Melinda-Dr-Westerville-OH-43081/34008976_zpid/
105 English Ter,DELAWARE,239900,3,2,1616,OH,https://www.zillow.com/homedetails/105-English-Ter-Delaware-OH-43015/33742713_zpid/
7748 Stoneford Dr,COLUMBUS,225000,3,3,1434,OH,https://www.zillow.com/homedetails/7748-Stoneford-Dr-Columbus-OH-43235/34121949_zpid/
10879 Marvin Rd,HARRISON,99800,3,2,2709,OH,https://www.zillow.com/homedetails/10879-Marvin-Rd-Harrison-OH-45030/34351233_zpid/
1905 Volney Rd,YOUNGSTOWN,54900,6,4,3745,OH,https://www.zillow.com/homedetails/1905-Volney-Rd-Youngstown-OH-44511/34858766_zpid/
734 Deer Run,Perrysburg,99000,3,3,1990,OH,https://www.zillow.com/homedetails/734-Deer-Run-Perrysburg-OH-43551/35681258_zpid/
31903 Tradewinds Dr,AVON LAKE,425000,4,4,2818,OH,https://www.zillow.com/homedetails/31903-Tradewinds-Dr-Avon-Lake-OH-44012/34568494_zpid/
197 Barcelona Ave,WESTERVILLE,239900,3,2,1703,OH,https://www.zillow.com/homedetails/197-Barcelona-Ave-Westerville-OH-43081/34005975_zpid/
5237 Brust Dr,Powell,399000,3,3,2160,OH,https://www.zillow.com/homedetails/5237-Brust-Dr-Powell-OH-43065/67323688_zpid/
2765 Captens St NE,CANTON,169900,3,3,1632,OH,https://www.zillow.com/homedetails/2765-Captens-St-NE-Canton-OH-44721/82680427_zpid/
2025 Ferndale Ave,Lakewood,130000,2,1,1116,OH,https://www.zillow.com/homedetails/2025-Ferndale-Ave-Lakewood-OH-44107/33501225_zpid/
3821 Gooding Rd,MARION,79900,3,1,1608,OH,https://www.zillow.com/homedetails/3821-Gooding-Rd-Marion-OH-43302/97164323_zpid/
960 College Ave,Bexley,394900,5,2,1804,OH,https://www.zillow.com/homedetails/960-College-Ave-Bexley-OH-43209/33951179_zpid/
6195 Norway Glen Ave,COLUMBUS,215000,3,3,1662,OH,https://www.zillow.com/homedetails/6195-Norway-Glen-Ave-Columbus-OH-43230/71237814_zpid/
100 Mayfield Ave,AKRON,175000,4,4,2969,OH,https://www.zillow.com/homedetails/100-Mayfield-Ave-Akron-OH-44313/35477400_zpid/
78 Lakeview Dr,Dayton,150000,4,2,1996,OH,https://www.zillow.com/homedetails/78-Lakeview-Dr-Dayton-OH-45459/35053980_zpid/
7692 Herrick Park Dr,Hudson,242000,3,1,1686,OH,https://www.zillow.com/homedetails/7692-Herrick-Park-Dr-Hudson-OH-44236/35360114_zpid/
3723 Washington Ave,CINCINNATI,985000,5,4,5287,OH,https://www.zillow.com/homedetails/3723-Washington-Ave-Cincinnati-OH-45229/34228283_zpid/
2315 Pemberton Dr,Toledo,209900,4,3,2174,OH,https://www.zillow.com/homedetails/2315-Pemberton-Dr-Toledo-OH-43606/34667797_zpid/
5209 Hitesman Way,COLUMBUS,250000,3,2,1420,OH,https://www.zillow.com/homedetails/5209-Hitesman-Way-Columbus-OH-43214/33944305_zpid/
5395 Lanark Ct,DUBLIN,419849,4,4,3216,OH,https://www.zillow.com/homedetails/5395-Lanark-Ct-Dublin-OH-43017/34063572_zpid/
1174 Clay Ct,Brunswick,173474,3,2,1643,OH,https://www.zillow.com/homedetails/1174-Clay-Ct-Brunswick-OH-44212/34878226_zpid/
10741 Wilson Mills Rd,CHARDON,217000,4,2,1859,OH,https://www.zillow.com/homedetails/10741-Wilson-Mills-Rd-Chardon-OH-44024/34147204_zpid/
3777 Wood Trail Dr,MASON,199900,3,3,1568,OH,https://www.zillow.com/homedetails/3777-Wood-Trail-Dr-Mason-OH-45040/35639607_zpid/
3718 Fenn Rd,MEDINA,319000,3,3,2200,OH,https://www.zillow.com/homedetails/3718-Fenn-Rd-Medina-OH-44256/34894310_zpid/
10977 Mccallum Ave NE,ALLIANCE,309900,3,3,2643,OH,https://www.zillow.com/homedetails/10977-Mccallum-Ave-NE-Alliance-OH-44601/35257044_zpid/
21140 Cedar Creek Dr,Strongsville,8700000,6,8,10915,OH,https://www.zillow.com/homedetails/21140-Cedar-Creek-Dr-Strongsville-OH-44149/2088044620_zpid/
3854 Rutledge Dr,HILLIARD,115000,3,1,1025,OH,https://www.zillow.com/homedetails/3854-Rutledge-Dr-Hilliard-OH-43026/33976911_zpid/
6115 Wexford Park Dr,Columbus,204900,3,3,1720,OH,https://www.zillow.com/homedetails/6115-Wexford-Park-Dr-Columbus-OH-43228/34087205_zpid/
330 Glenwood St SE,NORTH CANTON,134900,3,2,1196,OH,https://www.zillow.com/homedetails/330-Glenwood-St-SE-North-Canton-OH-44720/35295154_zpid/
109 S East St,PROSPECT,117000,3,2,1472,OH,https://www.zillow.com/homedetails/109-S-East-St-Prospect-OH-43342/97165361_zpid/
17279 W 130th St,NORTH ROYALTON,165000,3,2,2374,OH,https://www.zillow.com/homedetails/17279-W-130th-St-North-Royalton-OH-44133/33586705_zpid/
3792 Farm Brook Ln,Columbus,165500,3,2,1136,OH,https://www.zillow.com/homedetails/3792-Farm-Brook-Ln-Columbus-OH-43204/34080801_zpid/
275 Elmdale Ave,Akron,175000,4,2,1876,OH,https://www.zillow.com/homedetails/275-Elmdale-Ave-Akron-OH-44320/35467118_zpid/
5307 Tanager Ave NE,CANTON,234900,4,3,2560,OH,https://www.zillow.com/homedetails/5307-Tanager-Ave-NE-Canton-OH-44705/35288021_zpid/
2675 Copperhill Dr,Dublin,324900,4,3,2225,OH,https://www.zillow.com/homedetails/2675-Copperhill-Dr-Dublin-OH-43016/34108104_zpid/
