address,city,price(USD),bds,ba,sqft,state,url
770 Godfrey Rd,VILLANOVA,14650000,10,14,19000,PA,https://www.zillow.com/homedetails/770-Godfrey-Rd-Villanova-PA-19085/54670939_zpid/
5532 Morris St,Philadelphia,150000,4,2,2062,PA,https://www.zillow.com/homedetails/5532-Morris-St-Philadelphia-PA-19144/10234079_zpid/
A1 Ashbourne Rd,Elkins Park,11000000,55,20,70000,PA,https://www.zillow.com/homedetails/A1-Ashbourne-Rd-Elkins-Park-PA-19027/2104144500_zpid/
37 Comanche Ct,JIM THORPE,38500,3,2,2418,PA,https://www.zillow.com/homedetails/37-Comanche-Ct-Jim-Thorpe-PA-18229/78573142_zpid/
17595 Susquehanna Trl S,NEW FREEDOM,1950000,7,12,16828,PA,https://www.zillow.com/homedetails/17595-Susquehanna-Trl-S-New-Freedom-PA-17349/83090473_zpid/
6604 N 12th St,Philadelphia,169999,6,4,3615,PA,https://www.zillow.com/homedetails/6604-N-12th-St-Philadelphia-PA-19126/10546233_zpid/
258 Peekskill St,PITTSBURGH,199900,4,3,2161,PA,https://www.zillow.com/homedetails/258-Peekskill-St-Pittsburgh-PA-15212/11505881_zpid/
1354 S West End Blvd,QUAKERTOWN,199000,3,2,1439,PA,https://www.zillow.com/homedetails/1354-S-West-End-Blvd-Quakertown-PA-18951/9090577_zpid/
3053 Powder Mill Cir,BETHLEHEM,299900,4,3,2360,PA,https://www.zillow.com/homedetails/3053-Powder-Mill-Cir-Bethlehem-PA-18017/10135477_zpid/
2425 Golf Rd,Philadelphia,165000,4,3,1640,PA,https://www.zillow.com/homedetails/2425-Golf-Rd-Philadelphia-PA-19131/10486670_zpid/
146 Harvest Dr,VERONA,28600,2,2,1444,PA,https://www.zillow.com/homedetails/146-Harvest-Dr-Verona-PA-15147/11415117_zpid/
2918 Alton Ave,Allentown,175000,3,2,1718,PA,https://www.zillow.com/homedetails/2918-Alton-Ave-Allentown-PA-18103/2100515785_zpid/
222 Garden Ave,HORSHAM,272500,4,2,1350,PA,https://www.zillow.com/homedetails/222-Garden-Ave-Horsham-PA-19044/9936376_zpid/
4112 Blueberry Hill Rd,BUSHKILL,64900,2,2,1260,PA,https://www.zillow.com/homedetails/4112-Blueberry-Hill-Rd-Bushkill-PA-18324/89400329_zpid/
2618 Federal St # 1,Philadelphia,270000,3,3,1317,PA,https://www.zillow.com/homedetails/2618-Federal-St-1-Philadelphia-PA-19146/2087092025_zpid/
4370 Kilbert Dr,ALLISON PARK,359900,4,3,2451,PA,https://www.zillow.com/homedetails/4370-Kilbert-Dr-Allison-Park-PA-15101/11621371_zpid/
1408 Center St,WEST CHESTER,400000,4,2,3138,PA,https://www.zillow.com/homedetails/1408-Center-St-West-Chester-PA-19382/54752216_zpid/
546 S Franklin St,WILKES BARRE,12600,3,2,1460,PA,https://www.zillow.com/homedetails/546-S-Franklin-St-Wilkes-Barre-PA-18702/53519898_zpid/
2337 Morris St,Philadelphia,285000,3,3,1996,PA,https://www.zillow.com/homedetails/2337-Morris-St-Philadelphia-PA-19145/10367732_zpid/
3200 Brownsville Rd,PITTSBURGH,264900,5,3,2515,PA,https://www.zillow.com/homedetails/3200-Brownsville-Rd-Pittsburgh-PA-15227/11304876_zpid/
1503 Grasshopper Rd,HUNTINGDON VALLEY,353900,4,4,4044,PA,https://www.zillow.com/homedetails/1503-Grasshopper-Rd-Huntingdon-Valley-PA-19006/9971661_zpid/
5929 Phillips Ave,PITTSBURGH,144900,4,2,1971,PA,https://www.zillow.com/homedetails/5929-Phillips-Ave-Pittsburgh-PA-15217/11635164_zpid/
2101 Market St,Harrisburg,69900,5,3,2505,PA,https://www.zillow.com/homedetails/2101-Market-St-Harrisburg-PA-17103/86491830_zpid/
168 Rolling Rd,Bethel Park,97900,3,2,1335,PA,https://www.zillow.com/homedetails/168-Rolling-Rd-Bethel-Park-PA-15102/11471549_zpid/
1331 Grant Ave,Philadelphia,314900,3,2,1300,PA,https://www.zillow.com/homedetails/1331-Grant-Ave-Philadelphia-PA-19115/80949970_zpid/
8131 Remington Dr,PITTSBURGH,225000,3,2,1404,PA,https://www.zillow.com/homedetails/8131-Remington-Dr-Pittsburgh-PA-15237/11558907_zpid/
7722 Old York Rd,ELKINS PARK,178900,4,4,2842,PA,https://www.zillow.com/homedetails/7722-Old-York-Rd-Elkins-Park-PA-19027/9918431_zpid/
726 Humphreys Rd,ARDMORE,235000,4,4,1596,PA,https://www.zillow.com/homedetails/726-Humphreys-Rd-Ardmore-PA-19003/9378911_zpid/
410 E Rose Tree Rd,MEDIA,184900,4,3,2541,PA,https://www.zillow.com/homedetails/410-E-Rose-Tree-Rd-Media-PA-19063/9420868_zpid/
104 Tyler Rd,KING OF PRUSSIA,229900,3,2,1173,PA,https://www.zillow.com/homedetails/104-Tyler-Rd-King-Of-Prussia-PA-19406/10045683_zpid/
541 Snyder Rd,ONTELAUNEE,140000,4,2,480,PA,https://www.zillow.com/homedetails/541-Snyder-Rd-Ontelaunee-PA-19605/8910006_zpid/
107 Bradley Rd,ANNVILLE,200000,3,3,2132,PA,https://www.zillow.com/homedetails/107-Bradley-Rd-Annville-PA-17003/86544899_zpid/
2729 River Rd,NEW HOPE,250800,3,2,1324,PA,https://www.zillow.com/homedetails/2729-River-Rd-New-Hope-PA-18938/9096420_zpid/
1306 N Frazier St,Philadelphia,199900,4,2,1536,PA,https://www.zillow.com/homedetails/1306-N-Frazier-St-Philadelphia-PA-19131/10193864_zpid/
7111 Sheaff Ln,FORT WASHINGTON,10000000,9,15,36957,PA,https://www.zillow.com/homedetails/7111-Sheaff-Ln-Fort-Washington-PA-19034/10073064_zpid/
1209 Harrow Hill Ct,CORAOPOLIS,390000,4,4,2978,PA,https://www.zillow.com/homedetails/1209-Harrow-Hill-Ct-Coraopolis-PA-15108/11586513_zpid/
1978 River Rd,MIDDLETOWN,199900,3,2,1688,PA,https://www.zillow.com/homedetails/1978-River-Rd-Middletown-PA-17057/86434320_zpid/
1421 Nectarine Rd,DANIELSVILLE,239000,3,2,1493,PA,https://www.zillow.com/homedetails/1421-Nectarine-Rd-Danielsville-PA-18038/10093342_zpid/
417 S Woodbine Ave,Penn Valley,585000,4,4,3186,PA,https://www.zillow.com/homedetails/417-S-Woodbine-Ave-Penn-Valley-PA-19072/2088340035_zpid/
318 Washington Ln,JENKINTOWN,269000,6,6,4894,PA,https://www.zillow.com/homedetails/318-Washington-Ln-Jenkintown-PA-19046/9858644_zpid/
629 W Glenside Ave,GLENSIDE,254900,4,2,1920,PA,https://www.zillow.com/homedetails/629-W-Glenside-Ave-Glenside-PA-19038/9912478_zpid/
137 Side St,PERRYOPOLIS,52000,3,2,1536,PA,https://www.zillow.com/homedetails/137-Side-St-Perryopolis-PA-15473/53310456_zpid/
627 Willow Dr,GREEN LANE,85500,3,2,1456,PA,https://www.zillow.com/homedetails/627-Willow-Dr-Green-Lane-PA-18054/53385371_zpid/
145 Fox Rd,Media,160000,1,1,1198,PA,https://www.zillow.com/homedetails/145-Fox-Rd-Media-PA-19063/9400734_zpid/
5261 W Chester Pike,Newtown Square,725000,4,4,4988,PA,https://www.zillow.com/homedetails/5261-W-Chester-Pike-Newtown-Square-PA-19073/9203834_zpid/
733 N Spring Mill Rd,VILLANOVA,11850000,7,12,12791,PA,https://www.zillow.com/homedetails/733-N-Spring-Mill-Rd-Villanova-PA-19085/9967135_zpid/
3215 Eastmont Ave,PITTSBURGH,199900,3,2,1884,PA,https://www.zillow.com/homedetails/3215-Eastmont-Ave-Pittsburgh-PA-15216/11656876_zpid/
20 Wagner Cir,HUMMELSTOWN,199900,3,2,2032,PA,https://www.zillow.com/homedetails/20-Wagner-Cir-Hummelstown-PA-17036/86462570_zpid/
8708 Running Valley Rd,Stroudsburg,99000,1,1,700,PA,https://www.zillow.com/homedetails/8708-Running-Valley-Rd-Stroudsburg-PA-18360/197095039_zpid/
231 Colonial Dr,WARMINSTER,275000,5,2,2286,PA,https://www.zillow.com/homedetails/231-Colonial-Dr-Warminster-PA-18974/9116871_zpid/
330 Upper Gulph Rd,Radnor,735000,4,4,3479,PA,https://www.zillow.com/homedetails/330-Upper-Gulph-Rd-Radnor-PA-19087/10045745_zpid/
9 Leslie Ln,WALLINGFORD,395000,4,3,1466,PA,https://www.zillow.com/homedetails/9-Leslie-Ln-Wallingford-PA-19086/9415506_zpid/
400 Saint Vincent St,Philadelphia,209900,4,2,2000,PA,https://www.zillow.com/homedetails/400-Saint-Vincent-St-Philadelphia-PA-19111/10360154_zpid/
507 Tennis Ave,AMBLER,425000,4,3,2580,PA,https://www.zillow.com/homedetails/507-Tennis-Ave-Ambler-PA-19002/9950291_zpid/
611 Gawain Rd,PLYMOUTH MEETING,325000,3,2,1530,PA,https://www.zillow.com/homedetails/611-Gawain-Rd-Plymouth-Meeting-PA-19462/10000512_zpid/
184 Irving Rd,YORK,169900,3,3,2190,PA,https://www.zillow.com/homedetails/184-Irving-Rd-York-PA-17403/63921954_zpid/
1700 Manor Rd,HAVERTOWN,389900,4,3,2521,PA,https://www.zillow.com/homedetails/1700-Manor-Rd-Havertown-PA-19083/9380703_zpid/
435 Anna Marie Dr,CRANBERRY TOWNSHIP,344000,4,4,2806,PA,https://www.zillow.com/homedetails/435-Anna-Marie-Dr-Cranberry-Township-PA-16066/93513711_zpid/
549 S Sterling Rd,South Sterling,40000,4,2,1664,PA,https://www.zillow.com/homedetails/549-S-Sterling-Rd-South-Sterling-PA-18460/2085582276_zpid/
1227 1st Ave,HELLERTOWN,239900,4,2,1700,PA,https://www.zillow.com/homedetails/1227-1st-Ave-Hellertown-PA-18055/10167254_zpid/
512 Grandview Ave,FEASTERVILLE TREVOSE,299999,3,2,2014,PA,https://www.zillow.com/homedetails/512-Grandview-Ave-Feasterville-Trevose-PA-19053/9027076_zpid/
1111 Biltmore Ave,PITTSBURGH,285000,4,2,1738,PA,https://www.zillow.com/homedetails/1111-Biltmore-Ave-Pittsburgh-PA-15216/11656317_zpid/
219 Winding Way,PLYMOUTH MEETING,274900,5,2,2333,PA,https://www.zillow.com/homedetails/219-Winding-Way-Plymouth-Meeting-PA-19462/10004017_zpid/
560 Summit St,KING OF PRUSSIA,299800,3,3,1430,PA,https://www.zillow.com/homedetails/560-Summit-St-King-Of-Prussia-PA-19406/10045190_zpid/
732 Edmonds Ave,DREXEL HILL,240000,6,3,2170,PA,https://www.zillow.com/homedetails/732-Edmonds-Ave-Drexel-Hill-PA-19026/9353777_zpid/
867 Simons Ave,BENSALEM,226875,4,2,1440,PA,https://www.zillow.com/homedetails/867-Simons-Ave-Bensalem-PA-19020/8953450_zpid/
397 Leverington Ave,Philadelphia,328900,3,2,2100,PA,https://www.zillow.com/homedetails/397-Leverington-Ave-Philadelphia-PA-19128/10271532_zpid/
1708 Naudain St,Philadelphia,759000,3,3,1786,PA,https://www.zillow.com/homedetails/1708-Naudain-St-Philadelphia-PA-19146/10321879_zpid/
911 Naylors Run Rd,HAVERTOWN,294900,3,1,1605,PA,https://www.zillow.com/homedetails/911-Naylors-Run-Rd-Havertown-PA-19083/9370550_zpid/
306 Lorimer Dr,WYNCOTE,229900,3,3,2641,PA,https://www.zillow.com/homedetails/306-Lorimer-Dr-Wyncote-PA-19095/9914575_zpid/
501 Marshall Dr,WEST CHESTER,425000,3,3,1956,PA,https://www.zillow.com/homedetails/501-Marshall-Dr-West-Chester-PA-19380/9133012_zpid/
133 Harding Rd,West View,164900,2,2,1035,PA,https://www.zillow.com/homedetails/133-Harding-Rd-West-View-PA-15229/11440558_zpid/
6009 Dublin Rd,Bethel Park,169900,3,3,1164,PA,https://www.zillow.com/homedetails/6009-Dublin-Rd-Bethel-Park-PA-15102/11608465_zpid/
421 W Lancaster Ave,DOWNINGTOWN,319900,3,3,2050,PA,https://www.zillow.com/homedetails/421-W-Lancaster-Ave-Downingtown-PA-19335/9141044_zpid/
1031 Carroll Rd,WYNNEWOOD,519000,3,3,1644,PA,https://www.zillow.com/homedetails/1031-Carroll-Rd-Wynnewood-PA-19096/9953292_zpid/
1280 Butterfield Rd,LANCASTER,324900,4,3,2600,PA,https://www.zillow.com/homedetails/1280-Butterfield-Rd-Lancaster-PA-17601/9756232_zpid/
