address,city,price(USD),bds,ba,sqft,state,url
5619 Walnut Hill Ln,Dallas,29500000,10,17,27092,TX,https://www.zillow.com/homedetails/5619-Walnut-Hill-Ln-Dallas-TX-75229/26757825_zpid/
100 Carnarvon Dr,HOUSTON,29999999,8,8,26401,TX,https://www.zillow.com/homedetails/100-Carnarvon-Dr-Houston-TX-77024/84024352_zpid/
1210 Hacienda Del Sol,Weslaco,150000,8,6,5408,TX,https://www.zillow.com/homedetails/1210-Hacienda-Del-Sol-Weslaco-TX-78596/52819522_zpid/
10210 Strait Ln,DALLAS,23000000,6,11,11387,TX,https://www.zillow.com/homedetails/10210-Strait-Ln-Dallas-TX-75229/26758058_zpid/
6005 Rayburn Dr,Fort Worth,305000,5,4,3797,TX,https://www.zillow.com/homedetails/6005-Rayburn-Dr-Fort-Worth-TX-76133/29109285_zpid/
1000 Kirby Dr,HOUSTON,20000000,9,11,23870,TX,https://www.zillow.com/homedetails/1000-Kirby-Dr-Houston-TX-77019/27792466_zpid/
2816 Birmingham Ave,Dallas,300000,3,3,2037,TX,https://www.zillow.com/homedetails/2816-Birmingham-Ave-Dallas-TX-75215/96515154_zpid/
11203 Loblolly Ln,Euless,128500,3,2,1856,TX,https://www.zillow.com/homedetails/11203-Loblolly-Ln-Euless-TX-76040/2087614433_zpid/
5131 Pine Lake Dr,SAN ANTONIO,173900,4,3,2113,TX,https://www.zillow.com/homedetails/5131-Pine-Lake-Dr-San-Antonio-TX-78244/26189886_zpid/
1808 Point De Vue Dr,Flower Mound,12000000,11,13,19337,TX,https://www.zillow.com/homedetails/1808-Point-De-Vue-Dr-Flower-Mound-TX-75022/2133120005_zpid/
10 Davenport Ln,SAN ANTONIO,9500000,11,9,8675,TX,https://www.zillow.com/homedetails/10-Davenport-Ln-San-Antonio-TX-78257/26477110_zpid/
15714 Bellforest Ct,HOUSTON,275000,4,4,3863,TX,https://www.zillow.com/homedetails/15714-Bellforest-Ct-Houston-TX-77044/80591989_zpid/
7654 Eagle Ledge,SAN ANTONIO,327000,4,3,2792,TX,https://www.zillow.com/homedetails/7654-Eagle-Ledge-San-Antonio-TX-78249/80041789_zpid/
2904 Harbinger Ln,DALLAS,242500,2,2,1298,TX,https://www.zillow.com/homedetails/2904-Harbinger-Ln-Dallas-TX-75287/55172764_zpid/
3121 Park Ln APT 1111,Dallas,90000,3,2,1193,TX,https://www.zillow.com/homedetails/3121-Park-Ln-APT-1111-Dallas-TX-75220/2087109911_zpid/
5139 Seneca Dr,DALLAS,8995000,6,9,16000,TX,https://www.zillow.com/homedetails/5139-Seneca-Dr-Dallas-TX-75209/26759508_zpid/
4601 Misty Ridge Dr,Fort Worth,190000,3,3,1696,TX,https://www.zillow.com/homedetails/4601-Misty-Ridge-Dr-Fort-Worth-TX-76137/29220760_zpid/
204 Ridgecrest Dr,Euless,169000,3,2,1222,TX,https://www.zillow.com/homedetails/204-Ridgecrest-Dr-Euless-TX-76040/29060215_zpid/
507 W Vega Ln,Killeen,122000,4,3,2106,TX,https://www.zillow.com/homedetails/507-W-Vega-Ln-Killeen-TX-76542/120887427_zpid/
9553 Bella Terra Dr,Fort Worth,7000000,6,9,24093,TX,https://www.zillow.com/homedetails/9553-Bella-Terra-Dr-Fort-Worth-TX-76126/83788499_zpid/
26631 Lisa Ln,PORTER,129900,2,2,1124,TX,https://www.zillow.com/homedetails/26631-Lisa-Ln-Porter-TX-77365/67662484_zpid/
127 Birnam Wood Ct,AUSTIN,9450000,6,6.2,8975,TX,https://www.zillow.com/homedetails/127-Birnam-Wood-Ct-Austin-TX-78746/29332420_zpid/
5712 Brookneal Ct,Arlington,152000,4,2,1696,TX,https://www.zillow.com/homedetails/5712-Brookneal-Ct-Arlington-TX-76018/29298760_zpid/
8310 Holmwood Dr,HOUSTON,170000,5,3,2270,TX,https://www.zillow.com/homedetails/8310-Holmwood-Dr-Houston-TX-77040/28446224_zpid/
15130 Mause Creek Dr,Humble,228660,4,3,2458,TX,https://www.zillow.com/homedetails/15130-Mause-Creek-Dr-Humble-TX-77396/161421362_zpid/
5540 N 40th Pl,Dallas,6999000,9,12,15074,TX,https://www.zillow.com/homedetails/5540-N-40th-Pl-Dallas-TX-75252/53127814_zpid/
1109 Pleasant Valley Rd,Garland,65000,3,2,1555,TX,https://www.zillow.com/homedetails/1109-Pleasant-Valley-Rd-Garland-TX-75040/27004880_zpid/
11208 Loblolly Ln,Euless,134250,4,2,2040,TX,https://www.zillow.com/homedetails/11208-Loblolly-Ln-Euless-TX-76040/2089322746_zpid/
3410 Woodbriar Dr,HOUSTON,220000,4,3,2626,TX,https://www.zillow.com/homedetails/3410-Woodbriar-Dr-Houston-TX-77068/28239433_zpid/
4926 Deloache Ave,DALLAS,12495000,7,13,14179,TX,https://www.zillow.com/homedetails/4926-Deloache-Ave-Dallas-TX-75220/96510928_zpid/
1703 Aurora Dr,Richardson,300000,5,4,2743,TX,https://www.zillow.com/homedetails/1703-Aurora-Dr-Richardson-TX-75081/27159683_zpid/
940 W Dove Rd,Southlake,11000000,8,13,16477,TX,https://www.zillow.com/homedetails/940-W-Dove-Rd-Southlake-TX-76092/97701597_zpid/
5134 Vanderbilt Ave,DALLAS,335000,3,2,1586,TX,https://www.zillow.com/homedetails/5134-Vanderbilt-Ave-Dallas-TX-75206/26695574_zpid/
11911 Fawnview Dr,HOUSTON,289900,4,3,3576,TX,https://www.zillow.com/homedetails/11911-Fawnview-Dr-Houston-TX-77070/28261645_zpid/
31 W Rivercrest Dr,HOUSTON,4875000,11,12,20513,TX,https://www.zillow.com/homedetails/31-W-Rivercrest-Dr-Houston-TX-77042/84051651_zpid/
6223 Katy Run,San Antonio,211000,4,3,1706,TX,https://www.zillow.com/homedetails/6223-Katy-Run-San-Antonio-TX-78220/2086346755_zpid/
10010 Moongrove Pass,SAN ANTONIO,134900,3,3,2786,TX,https://www.zillow.com/homedetails/10010-Moongrove-Pass-San-Antonio-TX-78239/69663459_zpid/
4548 Chaha Rd APT 102,Garland,220000,4,5,2701,TX,https://www.zillow.com/homedetails/4548-Chaha-Rd-APT-102-Garland-TX-75043/2092899033_zpid/
3811 Westlake Dr,AUSTIN,9990000,5,6.5,5775,TX,https://www.zillow.com/homedetails/3811-Westlake-Dr-Austin-TX-78746/29342058_zpid/
12099 Village Gate Dr,EL PASO,199900,4,2.5,2417,TX,https://www.zillow.com/homedetails/12099-Village-Gate-Dr-El-Paso-TX-79936/27515902_zpid/
215 S Pinto St,SAN ANTONIO,215000,4,1,2004,TX,https://www.zillow.com/homedetails/215-S-Pinto-St-San-Antonio-TX-78207/26125193_zpid/
14331 Bellcrest Dr,SAN ANTONIO,179999,3,2,1588,TX,https://www.zillow.com/homedetails/14331-Bellcrest-Dr-San-Antonio-TX-78217/26397413_zpid/
1222 Crockett St,Amarillo,129900,4,2,1918,TX,https://www.zillow.com/homedetails/1222-Crockett-St-Amarillo-TX-79102/50803244_zpid/
1102 Baffin Ln,HOUSTON,125000,4,4,3547,TX,https://www.zillow.com/homedetails/1102-Baffin-Ln-Houston-TX-77090/28176093_zpid/
1038 W Ridgewood Ct,SAN ANTONIO,129900,3,2,1450,TX,https://www.zillow.com/homedetails/1038-W-Ridgewood-Ct-San-Antonio-TX-78201/26141640_zpid/
3716 N White Chapel Blvd,Southlake,3500000,8,10,19673,TX,https://www.zillow.com/homedetails/3716-N-White-Chapel-Blvd-Southlake-TX-76092/79918269_zpid/
2727 Carpenter Ave,DALLAS,164000,3,2,1416,TX,https://www.zillow.com/homedetails/2727-Carpenter-Ave-Dallas-TX-75215/26687232_zpid/
5007 Pepper Ln,Austin,189000,3,2,1224,TX,https://www.zillow.com/homedetails/5007-Pepper-Ln-Austin-TX-78744/29489181_zpid/
435 Bear Trl # 368,Glenn Heights,75000,3,2,1699,TX,https://www.zillow.com/homedetails/435-Bear-Trl-368-Glenn-Heights-TX-75154/27225377_zpid/
1810 Foxlake Dr,HOUSTON,189000,4,3,2159,TX,https://www.zillow.com/homedetails/1810-Foxlake-Dr-Houston-TX-77084/28371636_zpid/
2003 Kraft St,DALLAS,369900,5,4,2472,TX,https://www.zillow.com/homedetails/2003-Kraft-St-Dallas-TX-75212/96512585_zpid/
9807 Heritage Farm,San Antonio,189900,4,2,1874,TX,https://www.zillow.com/homedetails/9807-Heritage-Farm-San-Antonio-TX-78245/26367890_zpid/
2006 Roanwood Dr,Houston,161800,5,4,2848,TX,https://www.zillow.com/homedetails/2006-Roanwood-Dr-Houston-TX-77090/28167493_zpid/
4531 Laurie Michelle Rd,SAN ANTONIO,389500,5,4,3748,TX,https://www.zillow.com/homedetails/4531-Laurie-Michelle-Rd-San-Antonio-TX-78261/26168979_zpid/
715 Mannington Dr,Dallas,155000,4,2,1437,TX,https://www.zillow.com/homedetails/715-Mannington-Dr-Dallas-TX-75232/67951494_zpid/
13022 Peregrine,SAN ANTONIO,149750,3,2,1639,TX,https://www.zillow.com/homedetails/13022-Peregrine-San-Antonio-TX-78233/69638319_zpid/
2702 Brighton Park # TEVHVL,San Antonio,319900,4,4,3100,TX,https://www.zillow.com/community/horizon-pointe/2086971852_zpid/
47 Grand Regency Cir,THE WOODLANDS,7000000,9,13,17315,TX,https://www.zillow.com/homedetails/47-Grand-Regency-Cir-The-Woodlands-TX-77382/70331545_zpid/
14738 Highland Rdg,SAN ANTONIO,204900,4,2,2037,TX,https://www.zillow.com/homedetails/14738-Highland-Rdg-San-Antonio-TX-78233/26386668_zpid/
13411 Douglas Lake Rd,Houston,329900,4,4,3039,TX,https://www.zillow.com/homedetails/13411-Douglas-Lake-Rd-Houston-TX-77044/112159380_zpid/
2509 Wooded Acres Dr,WACO,284900,4,3,2920,TX,https://www.zillow.com/homedetails/2509-Wooded-Acres-Dr-Waco-TX-76710/52104815_zpid/
9928 Scyene Rd,DALLAS,225000,4,3,1929,TX,https://www.zillow.com/homedetails/9928-Scyene-Rd-Dallas-TX-75227/96524120_zpid/
4510 Sylvan Glen Dr,HOUSTON,275000,4,5,3082,TX,https://www.zillow.com/homedetails/4510-Sylvan-Glen-Dr-Houston-TX-77084/28252902_zpid/
3115 Walnut Hill Ln,DALLAS,375000,3,3,2159,TX,https://www.zillow.com/homedetails/3115-Walnut-Hill-Ln-Dallas-TX-75229/26807867_zpid/
12536 Breeder Cup Way,El Paso,278950,5,3,2645,TX,https://www.zillow.com/homedetails/12536-Breeder-Cup-Way-El-Paso-TX-79928/2086017475_zpid/
12703 Misty Valley Dr,HOUSTON,175000,5,5,3509,TX,https://www.zillow.com/homedetails/12703-Misty-Valley-Dr-Houston-TX-77066/28150496_zpid/
3527 Meadow St,DALLAS,69950,4,2,1791,TX,https://www.zillow.com/homedetails/3527-Meadow-St-Dallas-TX-75215/26691253_zpid/
3114 San Vicente Ave,DALLAS,349900,3,2,1699,TX,https://www.zillow.com/homedetails/3114-San-Vicente-Ave-Dallas-TX-75228/26842376_zpid/
3005 Cortez Dr,GARLAND,185000,4,2,1892,TX,https://www.zillow.com/homedetails/3005-Cortez-Dr-Garland-TX-75041/27003336_zpid/
6519 Arabella St,HOUSTON,209000,4,3,1689,TX,https://www.zillow.com/homedetails/6519-Arabella-St-Houston-TX-77091/27755682_zpid/
5120 Mansfield View Ct,AUSTIN,835000,4,4,5237,TX,https://www.zillow.com/homedetails/5120-Mansfield-View-Ct-Austin-TX-78732/29363564_zpid/
5031 Deloache Ave,DALLAS,14995000,5,11,15402,TX,https://www.zillow.com/homedetails/5031-Deloache-Ave-Dallas-TX-75220/26759549_zpid/
13200 Monte Rio St,SAN ANTONIO,210000,4,2,2104,TX,https://www.zillow.com/homedetails/13200-Monte-Rio-St-San-Antonio-TX-78233/26390095_zpid/
2280 Creekridge Dr,FRISCO,5295000,8,12,14788,TX,https://www.zillow.com/homedetails/2280-Creekridge-Dr-Frisco-TX-75034/65352773_zpid/
5314 Ricky St,HOUSTON,219000,4,3,2311,TX,https://www.zillow.com/homedetails/5314-Ricky-St-Houston-TX-77033/97622990_zpid/
10218 Grand Mdw,SAN ANTONIO,172500,4,3,2231,TX,https://www.zillow.com/homedetails/10218-Grand-Mdw-San-Antonio-TX-78239/26390973_zpid/
3227 Mission Grove Dr,HOUSTON,372000,5,5,5090,TX,https://www.zillow.com/homedetails/3227-Mission-Grove-Dr-Houston-TX-77068/28418574_zpid/
4700 Highgrove Dr,Fort Worth,175000,4,2,1615,TX,https://www.zillow.com/homedetails/4700-Highgrove-Dr-Fort-Worth-TX-76132/29153729_zpid/
2133 Beverly Cox Dr,WACO,249900,4,3,2128,TX,https://www.zillow.com/homedetails/2133-Beverly-Cox-Dr-Waco-TX-76705/112169786_zpid/
12507 Mill Wheel Dr,HOUSTON,265000,4,2,2462,TX,https://www.zillow.com/homedetails/12507-Mill-Wheel-Dr-Houston-TX-77070/28377110_zpid/
6 W Rivercrest Dr,HOUSTON,14500000,7,3,21032,TX,https://www.zillow.com/homedetails/6-W-Rivercrest-Dr-Houston-TX-77042/27905044_zpid/
2215 Kessler Woods Ct,DALLAS,1995000,4,5.5,4328,TX,https://www.zillow.com/homedetails/2215-Kessler-Woods-Ct-Dallas-TX-75208/96534470_zpid/
7011 Beech Trail Dr,SAN ANTONIO,152000,3,2,1704,TX,https://www.zillow.com/homedetails/7011-Beech-Trail-Dr-San-Antonio-TX-78244/26188632_zpid/
3314 Candleside Dr,SAN ANTONIO,179999,4,3,2128,TX,https://www.zillow.com/homedetails/3314-Candleside-Dr-San-Antonio-TX-78244/118217095_zpid/
4402 Bonnie View Rd,DALLAS,198000,3,2,1600,TX,https://www.zillow.com/homedetails/4402-Bonnie-View-Rd-Dallas-TX-75216/96530596_zpid/
5313 Garland Ave,DALLAS,149900,3,2,1444,TX,https://www.zillow.com/homedetails/5313-Garland-Ave-Dallas-TX-75223/26684521_zpid/
9201 Water Tree Dr,MCKINNEY,299999,4,3,2472,TX,https://www.zillow.com/homedetails/9201-Water-Tree-Dr-Mckinney-TX-75070/63673258_zpid/
3618 Hubby Ave,WACO,179900,3,3,1572,TX,https://www.zillow.com/homedetails/3618-Hubby-Ave-Waco-TX-76710/59765318_zpid/
14506 Majestic Prince St,SAN ANTONIO,299000,4,3,2868,TX,https://www.zillow.com/homedetails/14506-Majestic-Prince-St-San-Antonio-TX-78248/26399229_zpid/
3002 Alabama Ave,Dallas,195000,4,2,1683,TX,https://www.zillow.com/homedetails/3002-Alabama-Ave-Dallas-TX-75216/96511461_zpid/
78 Champion Villa Dr,HOUSTON,265000,3,2.5,3214,TX,https://www.zillow.com/homedetails/78-Champion-Villa-Dr-Houston-TX-77069/28532661_zpid/
2229 Miller Ave,Fort Worth,190000,3,2,1664,TX,https://www.zillow.com/homedetails/2229-Miller-Ave-Fort-Worth-TX-76105/97693269_zpid/
5752 Country View Ln,Frisco,389900,4,4,3396,TX,https://www.zillow.com/homedetails/5752-Country-View-Ln-Frisco-TX-75034/69685731_zpid/
23110 Summers Dream,SAN ANTONIO,314900,5,4,4181,TX,https://www.zillow.com/homedetails/23110-Summers-Dream-San-Antonio-TX-78258/65068594_zpid/
191 Granite Ln,AUSTIN,799000,4,4,3453,TX,https://www.zillow.com/homedetails/191-Granite-Ln-Austin-TX-78737/89406316_zpid/
1337 Rivercrest Dr,MESQUITE,195000,4,2,1981,TX,https://www.zillow.com/homedetails/1337-Rivercrest-Dr-Mesquite-TX-75181/27133200_zpid/
7302 Quicksilver Cir,AUSTIN,224990,3,2,1084,TX,https://www.zillow.com/homedetails/7302-Quicksilver-Cir-Austin-TX-78744/29508681_zpid/
2029 Oxford Cir,GRAND PRAIRIE,199900,4,3,2623,TX,https://www.zillow.com/homedetails/2029-Oxford-Cir-Grand-Prairie-TX-75051/27074324_zpid/
8065 Staley Dr,FRISCO,484000,4,4,3916,TX,https://www.zillow.com/homedetails/8065-Staley-Dr-Frisco-TX-75034/60216373_zpid/
1800 Crimson Rosella Trl # X6LOHI,Austin,285990,3,2.5,2002,TX,https://www.zillow.com/community/wells-branch/2088583441_zpid/
2151 Fairway Dr,Fort Worth,179900,3,2,1933,TX,https://www.zillow.com/homedetails/2151-Fairway-Dr-Fort-Worth-TX-76119/29083971_zpid/
1915 Sandy Lake Rd TRAILER 55,Carrollton,83000,3,2,1500,TX,https://www.zillow.com/homedetails/1915-Sandy-Lake-Rd-TRAILER-55-Carrollton-TX-75006/60350935_zpid/
1529 Windchime Dr,DALLAS,249900,4,2,2043,TX,https://www.zillow.com/homedetails/1529-Windchime-Dr-Dallas-TX-75224/26779431_zpid/
4320 Sweet Clover Ln,Crowley,169900,4,2,1630,TX,https://www.zillow.com/homedetails/4320-Sweet-Clover-Ln-Crowley-TX-76036/79917385_zpid/
4519 Frank St,DALLAS,110000,3,2.5,1326,TX,https://www.zillow.com/homedetails/4519-Frank-St-Dallas-TX-75210/26698554_zpid/
4929 Breezewind Ln,Fort Worth,288500,4,3,2887,TX,https://www.zillow.com/homedetails/4929-Breezewind-Ln-Fort-Worth-TX-76123/79939883_zpid/
15909 Dink Pearson Ln,AUSTIN,499000,4,3,2490,TX,https://www.zillow.com/homedetails/15909-Dink-Pearson-Ln-Austin-TX-78717/111968068_zpid/
206 Perry Ave,WAXAHACHIE,199900,4,3,1543,TX,https://www.zillow.com/homedetails/206-Perry-Ave-Waxahachie-TX-75165/27358752_zpid/
202 Stellariga Pl,Dallas,179900,3,2.5,1482,TX,https://www.zillow.com/homedetails/202-Stellariga-Pl-Dallas-TX-75203/96505125_zpid/
1333 Sawdust Ct,AUSTIN,550000,4,3,3192,TX,https://www.zillow.com/homedetails/1333-Sawdust-Ct-Austin-TX-78732/83825842_zpid/
4030 Vineyard Dr,DALLAS,295000,5,4,3025,TX,https://www.zillow.com/homedetails/4030-Vineyard-Dr-Dallas-TX-75212/26834635_zpid/
7334 Blazar Way,San Antonio,217000,5,4,2675,TX,https://www.zillow.com/homedetails/7334-Blazar-Way-San-Antonio-TX-78252/69655381_zpid/
2428 Park Crest Ct,Irving,240000,3,3,2043,TX,https://www.zillow.com/homedetails/2428-Park-Crest-Ct-Irving-TX-75060/27104770_zpid/
4841 Sandage Ave,Fort Worth,66000,3,2,1166,TX,https://www.zillow.com/homedetails/4841-Sandage-Ave-Fort-Worth-TX-76115/29098546_zpid/
6407 Antares Park,SAN ANTONIO,200000,4,3,3026,TX,https://www.zillow.com/homedetails/6407-Antares-Park-San-Antonio-TX-78239/80037353_zpid/
10216 Hillhouse Ln,DALLAS,125000,2,2,1093,TX,https://www.zillow.com/homedetails/10216-Hillhouse-Ln-Dallas-TX-75227/26908422_zpid/
14153 Robert Ituarte Dr,EL PASO,179000,3,3,2412,TX,https://www.zillow.com/homedetails/14153-Robert-Ituarte-Dr-El-Paso-TX-79938/89626592_zpid/
7135 Majestic Oaks Dr,HOUSTON,215000,4,2,2522,TX,https://www.zillow.com/homedetails/7135-Majestic-Oaks-Dr-Houston-TX-77040/28153372_zpid/
11512 Desdemona Dr,Dallas,199900,5,2,2010,TX,https://www.zillow.com/homedetails/11512-Desdemona-Dr-Dallas-TX-75228/26837835_zpid/
10514 Creektree Dr,HOUSTON,129900,5,3,2536,TX,https://www.zillow.com/homedetails/10514-Creektree-Dr-Houston-TX-77070/28145733_zpid/
1610 E. Robertson,Copperas Cove t,139900,4,3,3564,TX,https://www.zillow.com/homedetails/1610-E-Robertson-Copperas-Cove-T-TX-76522/2099847964_zpid/
617 E Spring Valley Rd,Richardson,324900,5,4,3032,TX,https://www.zillow.com/homedetails/617-E-Spring-Valley-Rd-Richardson-TX-75081/27179515_zpid/
763 Marble Canyon Cir,IRVING,269900,3,2,1558,TX,https://www.zillow.com/homedetails/763-Marble-Canyon-Cir-Irving-TX-75063/27116373_zpid/
19835 Wittenburg,SAN ANTONIO,349900,4,3,2980,TX,https://www.zillow.com/homedetails/19835-Wittenburg-San-Antonio-TX-78256/26476403_zpid/
5402 Rambowllette Dr,SAN ANTONIO,165000,3,2,1536,TX,https://www.zillow.com/homedetails/5402-Rambowllette-Dr-San-Antonio-TX-78247/26384117_zpid/
4446 Stradford Pl,SAN ANTONIO,140000,3,2,1033,TX,https://www.zillow.com/homedetails/4446-Stradford-Pl-San-Antonio-TX-78217/26387193_zpid/
7100 Sunlit Trail Dr,SAN ANTONIO,149900,3,2,1405,TX,https://www.zillow.com/homedetails/7100-Sunlit-Trail-Dr-San-Antonio-TX-78244/26188698_zpid/
4249 Pinewood Dr,PLANO,279900,3,2,1685,TX,https://www.zillow.com/homedetails/4249-Pinewood-Dr-Plano-TX-75093/26657788_zpid/
4513 N Ottawa Rd,Dallas,198750,4,2,1788,TX,https://www.zillow.com/homedetails/4513-N-Ottawa-Rd-Dallas-TX-75212/96528581_zpid/
1709 Cumberland Dr,GARLAND,229000,3,2,1570,TX,https://www.zillow.com/homedetails/1709-Cumberland-Dr-Garland-TX-75040/96521067_zpid/
7627 Andiron Cir,HOUSTON,109900,3,3,1658,TX,https://www.zillow.com/homedetails/7627-Andiron-Cir-Houston-TX-77041/28306175_zpid/
1121 Southwood Ct,LEWISVILLE,190000,3,2,1352,TX,https://www.zillow.com/homedetails/1121-Southwood-Ct-Lewisville-TX-75067/27257430_zpid/
17915 Sugar Pine Dr,HOUSTON,269500,5,4,4063,TX,https://www.zillow.com/homedetails/17915-Sugar-Pine-Dr-Houston-TX-77090/28372704_zpid/
13314 Glen Erica Dr,HOUSTON,220000,4,3,2707,TX,https://www.zillow.com/homedetails/13314-Glen-Erica-Dr-Houston-TX-77069/28138836_zpid/
7600 Meadowlark Dr,Fort Worth,220000,4,3,2568,TX,https://www.zillow.com/homedetails/7600-Meadowlark-Dr-Fort-Worth-TX-76133/29217800_zpid/
2006 Wimbledon Dr,Arlington,299000,4,3,3146,TX,https://www.zillow.com/homedetails/2006-Wimbledon-Dr-Arlington-TX-76017/28943217_zpid/
2721 Old Decatur Rd,Decatur,2950000,6,6,7924,TX,https://www.zillow.com/homedetails/2721-Old-Decatur-Rd-Decatur-TX-76234/220099765_zpid/
4117 Silverwood Ln,Bedford,375000,4,3,2718,TX,https://www.zillow.com/homedetails/4117-Silverwood-Ln-Bedford-TX-76021/83787037_zpid/
11594 La Grange Dr,FRISCO,360000,4,3,2845,TX,https://www.zillow.com/homedetails/11594-La-Grange-Dr-Frisco-TX-75035/65363338_zpid/
411 Blaine,SAN ANTONIO,135000,3,3,1327,TX,https://www.zillow.com/homedetails/411-Blaine-San-Antonio-TX-78202/26114232_zpid/
134 Green Meadow Blvd,SAN ANTONIO,185000,4,2,1568,TX,https://www.zillow.com/homedetails/134-Green-Meadow-Blvd-San-Antonio-TX-78213/26291729_zpid/
3240 Tierra Mision Dr,EL PASO,134900,4,3,2579,TX,https://www.zillow.com/homedetails/3240-Tierra-Mision-Dr-El-Paso-TX-79938/79953059_zpid/
9709 Angelwylde Dr,AUSTIN,5700000,5,7,7367,TX,https://www.zillow.com/homedetails/9709-Angelwylde-Dr-Austin-TX-78733/64564447_zpid/
639 Lamp Post Ln,Little Elm,150000,3,2,1472,TX,https://www.zillow.com/homedetails/639-Lamp-Post-Ln-Little-Elm-TX-75068/27322629_zpid/
3100 Sunnybrook Ln,Arlington,152000,4,2,1832,TX,https://www.zillow.com/homedetails/3100-Sunnybrook-Ln-Arlington-TX-76014/28936324_zpid/
9111 Windy Crest Dr,DALLAS,539000,4,3,3148,TX,https://www.zillow.com/homedetails/9111-Windy-Crest-Dr-Dallas-TX-75243/26869694_zpid/
1815 Colonial Ave,WACO,239700,3,2.5,3086,TX,https://www.zillow.com/homedetails/1815-Colonial-Ave-Waco-TX-76707/52083178_zpid/
602 Irma Dr UNIT 2,Austin,374000,2,2.5,1150,TX,https://www.zillow.com/homedetails/602-Irma-Dr-UNIT-2-Austin-TX-78752/2089381070_zpid/
1204 College Park Blvd,Richardson,160000,4,3,2591,TX,https://www.zillow.com/homedetails/1204-College-Park-Blvd-Richardson-TX-75081/27162214_zpid/
2308 Statler Dr,CARROLLTON,245000,3,2,1795,TX,https://www.zillow.com/homedetails/2308-Statler-Dr-Carrollton-TX-75007/27327874_zpid/
5400 Edlen Dr,Dallas,6945000,5,10,15530,TX,https://www.zillow.com/homedetails/5400-Edlen-Dr-Dallas-TX-75220/26759782_zpid/
7109 W Loop 1604 N LOT 282,San Antonio,62459,3,2,1152,TX,https://www.zillow.com/homedetails/7109-W-Loop-1604-N-LOT-282-San-Antonio-TX-78254/2086125525_zpid/
2919 Clifford Dr,Harlingen,229950,4,3,2615,TX,https://www.zillow.com/homedetails/2919-Clifford-Dr-Harlingen-TX-78550/2099246836_zpid/
2046 Leath St,Dallas,292000,4,3,2088,TX,https://www.zillow.com/homedetails/2046-Leath-St-Dallas-TX-75212/96524048_zpid/
2225 Ethel Ave,Waco,115000,5,3,3016,TX,https://www.zillow.com/homedetails/2225-Ethel-Ave-Waco-TX-76707/2111039875_zpid/
9507 County Road 3519,Murchison,130000,4,2,2300,TX,https://www.zillow.com/homedetails/9507-County-Road-3519-Murchison-TX-75778/250843271_zpid/
7655 S Braeswood Blvd # 9,Houston,158995,3,3,2634,TX,https://www.zillow.com/homedetails/7655-S-Braeswood-Blvd-9-Houston-TX-77071/28206460_zpid/
2930 Lazy Lane Blvd,HOUSTON,17500000,5,7,10599,TX,https://www.zillow.com/homedetails/2930-Lazy-Lane-Blvd-Houston-TX-77019/27845018_zpid/
1304 Falconer Way,Austin,314432,3,3,2013,TX,https://www.zillow.com/homedetails/1304-Falconer-Way-Austin-TX-78748/2086423912_zpid/
2406 Marilyn Kay St,SAN ANTONIO,79000,4,2,1260,TX,https://www.zillow.com/homedetails/2406-Marilyn-Kay-St-San-Antonio-TX-78238/26340991_zpid/
431 Territory Trl,Cedar Park,225000,3,2,1733,TX,https://www.zillow.com/homedetails/431-Territory-Trl-Cedar-Park-TX-78613/29614721_zpid/
852 Shady Cove Ln,SPRING BRANCH,369999,4,3,2444,TX,https://www.zillow.com/homedetails/852-Shady-Cove-Ln-Spring-Branch-TX-78070/97553718_zpid/
23 Grand Regency Cir,THE WOODLANDS,6700000,7,11,15000,TX,https://www.zillow.com/homedetails/23-Grand-Regency-Cir-The-Woodlands-TX-77382/96577635_zpid/
9109 Guernsey Ln,DALLAS,3149000,5,7,6480,TX,https://www.zillow.com/homedetails/9109-Guernsey-Ln-Dallas-TX-75220/26759262_zpid/
358 Mesa Grande Dr,Fort worth,389999,6,4,2841,TX,https://www.zillow.com/homedetails/358-Mesa-Grande-Dr-Fort-Worth-TX-76108/230783089_zpid/
10515 La Costa Dr,AUSTIN,375000,4,5,3806,TX,https://www.zillow.com/homedetails/10515-La-Costa-Dr-Austin-TX-78747/29515734_zpid/
409 Arbor Glen Ct,Fort Worth,197000,4,2,2154,TX,https://www.zillow.com/homedetails/409-Arbor-Glen-Ct-Fort-Worth-TX-76140/54045463_zpid/
5710 Signal Pt,AUSTIN,229900,3,2,1320,TX,https://www.zillow.com/homedetails/5710-Signal-Pt-Austin-TX-78724/29396959_zpid/
3509 Euclid Ave,DALLAS,16750000,7,11.5,18100,TX,https://www.zillow.com/homedetails/3509-Euclid-Ave-Dallas-TX-75205/27200583_zpid/
12814 Country Sound,SAN ANTONIO,300000,3,2,1804,TX,https://www.zillow.com/homedetails/12814-Country-Sound-San-Antonio-TX-78216/26375075_zpid/
18015 Ella Blvd,HOUSTON,185000,4,2,2182,TX,https://www.zillow.com/homedetails/18015-Ella-Blvd-Houston-TX-77090/28165544_zpid/
905 N 18th St,WACO,208400,3,3,3102,TX,https://www.zillow.com/homedetails/905-N-18th-St-Waco-TX-76707/52078368_zpid/
1210 Andover Bay,San Antonio,400000,4,3,3307,TX,https://www.zillow.com/homedetails/1210-Andover-Bay-San-Antonio-TX-78258/80027944_zpid/
11 Crestwood Dr,HOUSTON,8500000,6,9,11475,TX,https://www.zillow.com/homedetails/11-Crestwood-Dr-Houston-TX-77007/27887251_zpid/
414 E Longview St,CORPUS CHRISTI,85000,3,2,1760,TX,https://www.zillow.com/homedetails/414-E-Longview-St-Corpus-Christi-TX-78408/28813994_zpid/
