address,city,price(USD),bds,ba,sqft,state,url
N8064 975th St,RIVER FALLS,190000,2,2,2236,WI,https://www.zillow.com/homedetails/N8064-975th-St-River-Falls-WI-54022/79395961_zpid/
3005 W Kilbourn Ave,MILWAUKEE,5000,8,4,4592,WI,https://www.zillow.com/homedetails/3005-W-Kilbourn-Ave-Milwaukee-WI-53208/40469373_zpid/
4117 Barby Ln,Madison,184900,3,2,1607,WI,https://www.zillow.com/homedetails/4117-Barby-Ln-Madison-WI-53704/2085521098_zpid/
590 S Lake Shore Dr,LAKE GENEVA,14500000,13,16,13000,WI,https://www.zillow.com/homedetails/590-S-Lake-Shore-Dr-Lake-Geneva-WI-53147/40769824_zpid/
6226 N Highlands Ave,MADISON,599900,4,3,3106,WI,https://www.zillow.com/homedetails/6226-N-Highlands-Ave-Madison-WI-53705/55388380_zpid/
152 W Foster St,APPLETON,124900,2,2,1152,WI,https://www.zillow.com/homedetails/152-W-Foster-St-Appleton-WI-54915/69769953_zpid/
440 Fairway Dr,BROOKFIELD,339900,3,3,1910,WI,https://www.zillow.com/homedetails/440-Fairway-Dr-Brookfield-WI-53005/40625175_zpid/
303 4th St,FOND DU LAC,50990,5,2,2258,WI,https://www.zillow.com/homedetails/303-4th-St-Fond-Du-Lac-WI-54935/62686753_zpid/
1017 E Park Ridge Ave,APPLETON,189000,4,2,2128,WI,https://www.zillow.com/homedetails/1017-E-Park-Ridge-Ave-Appleton-WI-54911/69766226_zpid/
1539 N Cass St,MILWAUKEE,369900,4,3,3100,WI,https://www.zillow.com/homedetails/1539-N-Cass-St-Milwaukee-WI-53202/50882002_zpid/
5448 S 48th St,GREENFIELD,249900,3,2,2745,WI,https://www.zillow.com/homedetails/5448-S-48th-St-Greenfield-WI-53220/83874805_zpid/
3174 S 40th St,MILWAUKEE,205000,4,2,1900,WI,https://www.zillow.com/homedetails/3174-S-40th-St-Milwaukee-WI-53215/40501639_zpid/
1947 S 12th St,MILWAUKEE,114900,3,2,2124,WI,https://www.zillow.com/homedetails/1947-S-12th-St-Milwaukee-WI-53204/40482931_zpid/
N7293 French Rd,SEYMOUR,164900,5,1,2051,WI,https://www.zillow.com/homedetails/N7293-French-Rd-Seymour-WI-54165/69753744_zpid/
4525 W College Ave,GREENDALE,245000,3,3,2114,WI,https://www.zillow.com/homedetails/4525-W-College-Ave-Greendale-WI-53129/110734658_zpid/
S82W17262 Woods Rd,MUSKEGO,497900,4,3,2600,WI,https://www.zillow.com/homedetails/S82W17262-Woods-Rd-Muskego-WI-53150/40665282_zpid/
435 Virginia Ter,MADISON,460000,3,2,1914,WI,https://www.zillow.com/homedetails/435-Virginia-Ter-Madison-WI-53726/55403583_zpid/
2527 Martha Ave,GREEN BAY,199900,3,2,1662,WI,https://www.zillow.com/homedetails/2527-Martha-Ave-Green-Bay-WI-54301/51144143_zpid/
5932 Dawson Ct,GREENDALE,279900,4,3,2750,WI,https://www.zillow.com/homedetails/5932-Dawson-Ct-Greendale-WI-53129/110714895_zpid/
3570 S Russel Rd,NEW BERLIN,289900,3,3,1547,WI,https://www.zillow.com/homedetails/3570-S-Russel-Rd-New-Berlin-WI-53151/40676327_zpid/
11900 260th Ave,TREVOR,266000,4,5,3832,WI,https://www.zillow.com/homedetails/11900-260th-Ave-Trevor-WI-53179/110280330_zpid/
715 N Milwaukee St APT 205,Milwaukee,175000,2,1,1125,WI,https://www.zillow.com/homedetails/715-N-Milwaukee-St-APT-205-Milwaukee-WI-53202/68920903_zpid/
5615 Ambrosia Ter,MC FARLAND,250000,3,2,1878,WI,https://www.zillow.com/homedetails/5615-Ambrosia-Ter-Mc-Farland-WI-53558/40171718_zpid/
3661 S 75th St,MILWAUKEE,192900,3,2,1351,WI,https://www.zillow.com/homedetails/3661-S-75th-St-Milwaukee-WI-53220/40511562_zpid/
2573 N 52nd St,MILWAUKEE,109900,3,2,1636,WI,https://www.zillow.com/homedetails/2573-N-52nd-St-Milwaukee-WI-53210/40459542_zpid/
606 Oakwood Ct,Hudson,399900,4,4,2942,WI,https://www.zillow.com/homedetails/606-Oakwood-Ct-Hudson-WI-54016/79431197_zpid/
3309 Bluff St,MADISON,309000,2,1,1477,WI,https://www.zillow.com/homedetails/3309-Bluff-St-Madison-WI-53705/55401172_zpid/
1015 71st St,KENOSHA,110000,3,2,1356,WI,https://www.zillow.com/homedetails/1015-71st-St-Kenosha-WI-53143/40316464_zpid/
E2605 Pine Ct,Waupaca,139900,3,1,1100,WI,https://www.zillow.com/homedetails/E2605-Pine-Ct-Waupaca-WI-54981/225347640_zpid/
2933 Sky Hawk Dr,Eau Claire,225000,4,3,2326,WI,https://www.zillow.com/homedetails/2933-Sky-Hawk-Dr-Eau-Claire-WI-54703/220435482_zpid/
W8406 Hilltop Rd,Shell Lake,165000,4,2,2500,WI,https://www.zillow.com/homedetails/W8406-Hilltop-Rd-Shell-Lake-WI-54871/2129288779_zpid/
608 E Vermont Ave,APPLETON,174900,3,2,2102,WI,https://www.zillow.com/homedetails/608-E-Vermont-Ave-Appleton-WI-54911/69780277_zpid/
308 E Wisconsin Ave,Neenah,399900,4,3,3572,WI,https://www.zillow.com/homedetails/308-E-Wisconsin-Ave-Neenah-WI-54956/216614701_zpid/
1111 Ashland Ave,Sheboygan,130000,3,2,1560,WI,https://www.zillow.com/homedetails/1111-Ashland-Ave-Sheboygan-WI-53081/52364378_zpid/
7381 Lake Rest Rd,Rhinelander,299900,3,2,1480,WI,https://www.zillow.com/homedetails/7381-Lake-Rest-Rd-Rhinelander-WI-54501/226318597_zpid/
25425 89th St,SALEM,69900,3,3,2061,WI,https://www.zillow.com/homedetails/25425-89th-St-Salem-WI-53168/40334882_zpid/
